2026-07-04 10:49:32 [INFO    ] piia — ════════════════════════════════════════════════════════════
2026-07-04 10:49:32 [INFO    ] piia —   PIIA v2.10 — Fase 1
2026-07-04 10:49:32 [INFO    ] piia —   Início: 2026-07-04 10:49:32
2026-07-04 10:49:32 [INFO    ] piia —   ROOT  : C:\Users\Admins\Desktop\sampleproject
2026-07-04 10:49:32 [INFO    ] piia — ════════════════════════════════════════════════════════════
2026-07-04 10:49:32 [INFO    ] piia — ✅ Base de dados OK.
2026-07-04 10:49:32 [INFO    ] piia — ▶ SCRAPING — recolher anúncios
2026-07-04 10:49:33 [INFO    ] piia — ✅ Base de dados OK.
2026-07-04 10:49:33 [INFO    ] piia —     [AngoCasa] Retomando do checkpoint: Luanda geral | pág 34
2026-07-04 10:49:33 [INFO    ] piia —   ▶ Luanda geral | compra
2026-07-04 11:01:03 [INFO    ] piia —     Pág 34: 49 anúncios extraídos (total acum.: 49)
2026-07-04 11:12:50 [INFO    ] piia —     Pág 35: 50 anúncios extraídos (total acum.: 99)
2026-07-04 11:23:49 [INFO    ] piia —     Pág 36: 50 anúncios extraídos (total acum.: 149)
2026-07-04 11:35:15 [INFO    ] piia —     Pág 37: 50 anúncios extraídos (total acum.: 199)
2026-07-04 11:45:48 [INFO    ] piia —     Pág 38: 50 anúncios extraídos (total acum.: 249)
2026-07-04 11:56:50 [INFO    ] piia —     Pág 39: 50 anúncios extraídos (total acum.: 299)
2026-07-04 12:03:52 [WARNING ] piia — Rede HTTPSConnectionPool(host='www.angocasa.com', port=443): Read timed out. (read timeout=30) | t1
2026-07-04 12:04:53 [WARNING ] piia — Rede ('Connection aborted.', ConnectionResetError(10054, 'An existing connection was forcibly closed by the remote host', None, 10054, None)) | t1
2026-07-04 12:06:03 [WARNING ] piia — Rede ('Connection aborted.', RemoteDisconnected('Remote end closed connection without response')) | t1
2026-07-04 12:08:12 [WARNING ] piia — Rede ('Connection aborted.', RemoteDisconnected('Remote end closed connection without response')) | t1
2026-07-04 12:09:31 [INFO    ] piia —     Pág 40: 50 anúncios extraídos (total acum.: 349)
2026-07-04 12:09:49 [WARNING ] piia — Rede ('Connection aborted.', RemoteDisconnected('Remote end closed connection without response')) | t1
2026-07-04 12:20:34 [INFO    ] piia —     Pág 41: 50 anúncios extraídos (total acum.: 399)
2026-07-04 12:25:17 [WARNING ] piia — Rede ('Connection aborted.', RemoteDisconnected('Remote end closed connection without response')) | t1
2026-07-04 12:27:27 [WARNING ] piia — Rede ('Connection aborted.', RemoteDisconnected('Remote end closed connection without response')) | t1
2026-07-04 12:27:37 [WARNING ] piia — Rede ('Connection aborted.', ConnectionResetError(10054, 'An existing connection was forcibly closed by the remote host', None, 10054, None)) | t2
2026-07-04 12:32:35 [INFO    ] piia —     Pág 42: 50 anúncios extraídos (total acum.: 449)
2026-07-04 12:41:39 [WARNING ] piia — Rede HTTPSConnectionPool(host='www.angocasa.com', port=443): Max retries exceeded with url: /apartamento/t2/luanda/comandante-valodia-combatentes-/vender-apartamento-t2-no-ze-pirao-combatentes/0188297/ (Caused by ConnectTimeoutError(<HTTPSConnection(host='www.angocasa.com', port=443) at 0x210247cb390>, 'Connection to www.angocasa.com timed out. (connect timeout=30)')) | t1
2026-07-04 12:44:13 [INFO    ] piia —     Pág 43: 50 anúncios extraídos (total acum.: 499)
2026-07-04 12:54:57 [INFO    ] piia —     Pág 44: 50 anúncios extraídos (total acum.: 549)
2026-07-04 13:00:50 [WARNING ] piia — Rede HTTPSConnectionPool(host='www.angocasa.com', port=443): Read timed out. (read timeout=30) | t1
2026-07-04 13:00:55 [WARNING ] piia — Rede HTTPSConnectionPool(host='www.angocasa.com', port=443): Max retries exceeded with url: /vivenda/v3/luanda/sao-paulo/vender-moradia-v3-no-valodia-/0187863/ (Caused by NameResolutionError("HTTPSConnection(host='www.angocasa.com', port=443): Failed to resolve 'www.angocasa.com' ([Errno 11001] getaddrinfo failed)")) | t2
2026-07-04 13:01:05 [WARNING ] piia — Rede HTTPSConnectionPool(host='www.angocasa.com', port=443): Max retries exceeded with url: /vivenda/v3/luanda/sao-paulo/vender-moradia-v3-no-valodia-/0187863/ (Caused by NameResolutionError("HTTPSConnection(host='www.angocasa.com', port=443): Failed to resolve 'www.angocasa.com' ([Errno 11001] getaddrinfo failed)")) | t3
2026-07-04 13:01:05 [ERROR   ] piia — Falha definitiva: https://www.angocasa.com/vivenda/v3/luanda/sao-paulo/vender-moradia-v3-no-valodia-/0187863/
2026-07-04 13:01:11 [WARNING ] piia — Rede HTTPSConnectionPool(host='www.angocasa.com', port=443): Max retries exceeded with url: /vivenda/v3/luanda/talatona/vender-vivenda-v3-no-no-condominio-mirantes-de-talatona/0187861/ (Caused by NameResolutionError("HTTPSConnection(host='www.angocasa.com', port=443): Failed to resolve 'www.angocasa.com' ([Errno 11001] getaddrinfo failed)")) | t1
2026-07-04 13:01:16 [WARNING ] piia — Rede HTTPSConnectionPool(host='www.angocasa.com', port=443): Max retries exceeded with url: /vivenda/v3/luanda/talatona/vender-vivenda-v3-no-no-condominio-mirantes-de-talatona/0187861/ (Caused by NameResolutionError("HTTPSConnection(host='www.angocasa.com', port=443): Failed to resolve 'www.angocasa.com' ([Errno 11001] getaddrinfo failed)")) | t2
2026-07-04 13:01:26 [WARNING ] piia — Rede HTTPSConnectionPool(host='www.angocasa.com', port=443): Max retries exceeded with url: /vivenda/v3/luanda/talatona/vender-vivenda-v3-no-no-condominio-mirantes-de-talatona/0187861/ (Caused by NameResolutionError("HTTPSConnection(host='www.angocasa.com', port=443): Failed to resolve 'www.angocasa.com' ([Errno 11001] getaddrinfo failed)")) | t3
2026-07-04 13:01:26 [ERROR   ] piia — Falha definitiva: https://www.angocasa.com/vivenda/v3/luanda/talatona/vender-vivenda-v3-no-no-condominio-mirantes-de-talatona/0187861/
2026-07-04 13:01:31 [WARNING ] piia — Rede HTTPSConnectionPool(host='www.angocasa.com', port=443): Max retries exceeded with url: /empreendimento/misto/luanda/viana/vender-hotel-e-restaurante-equipados-na-vila-de-viana/0187852/ (Caused by NameResolutionError("HTTPSConnection(host='www.angocasa.com', port=443): Failed to resolve 'www.angocasa.com' ([Errno 11001] getaddrinfo failed)")) | t1
2026-07-04 13:01:36 [WARNING ] piia — Rede HTTPSConnectionPool(host='www.angocasa.com', port=443): Max retries exceeded with url: /empreendimento/misto/luanda/viana/vender-hotel-e-restaurante-equipados-na-vila-de-viana/0187852/ (Caused by NameResolutionError("HTTPSConnection(host='www.angocasa.com', port=443): Failed to resolve 'www.angocasa.com' ([Errno 11001] getaddrinfo failed)")) | t2
2026-07-04 13:01:46 [WARNING ] piia — Rede HTTPSConnectionPool(host='www.angocasa.com', port=443): Max retries exceeded with url: /empreendimento/misto/luanda/viana/vender-hotel-e-restaurante-equipados-na-vila-de-viana/0187852/ (Caused by NameResolutionError("HTTPSConnection(host='www.angocasa.com', port=443): Failed to resolve 'www.angocasa.com' ([Errno 11001] getaddrinfo failed)")) | t3
2026-07-04 13:01:46 [ERROR   ] piia — Falha definitiva: https://www.angocasa.com/empreendimento/misto/luanda/viana/vender-hotel-e-restaurante-equipados-na-vila-de-viana/0187852/
2026-07-04 13:01:50 [WARNING ] piia — Rede HTTPSConnectionPool(host='www.angocasa.com', port=443): Max retries exceeded with url: /apartamento/t2/luanda/kinaxixi/vende-se-apartamento-t2-no-edificio-loanda-towers-kinaxixi-/0187846/ (Caused by NameResolutionError("HTTPSConnection(host='www.angocasa.com', port=443): Failed to resolve 'www.angocasa.com' ([Errno 11001] getaddrinfo failed)")) | t1
2026-07-04 13:01:55 [WARNING ] piia — Rede HTTPSConnectionPool(host='www.angocasa.com', port=443): Max retries exceeded with url: /apartamento/t2/luanda/kinaxixi/vende-se-apartamento-t2-no-edificio-loanda-towers-kinaxixi-/0187846/ (Caused by NameResolutionError("HTTPSConnection(host='www.angocasa.com', port=443): Failed to resolve 'www.angocasa.com' ([Errno 11001] getaddrinfo failed)")) | t2
2026-07-04 13:02:05 [WARNING ] piia — Rede HTTPSConnectionPool(host='www.angocasa.com', port=443): Max retries exceeded with url: /apartamento/t2/luanda/kinaxixi/vende-se-apartamento-t2-no-edificio-loanda-towers-kinaxixi-/0187846/ (Caused by NameResolutionError("HTTPSConnection(host='www.angocasa.com', port=443): Failed to resolve 'www.angocasa.com' ([Errno 11001] getaddrinfo failed)")) | t3
2026-07-04 13:02:05 [ERROR   ] piia — Falha definitiva: https://www.angocasa.com/apartamento/t2/luanda/kinaxixi/vende-se-apartamento-t2-no-edificio-loanda-towers-kinaxixi-/0187846/
2026-07-04 13:02:10 [WARNING ] piia — Rede HTTPSConnectionPool(host='www.angocasa.com', port=443): Max retries exceeded with url: /apartamento/t2/luanda/comandante-valodia-combatentes-/vender-apartamento-t2-na-avenida-comandante-valodia-combatentes-/0187844/ (Caused by NameResolutionError("HTTPSConnection(host='www.angocasa.com', port=443): Failed to resolve 'www.angocasa.com' ([Errno 11001] getaddrinfo failed)")) | t1
2026-07-04 13:02:15 [WARNING ] piia — Rede HTTPSConnectionPool(host='www.angocasa.com', port=443): Max retries exceeded with url: /apartamento/t2/luanda/comandante-valodia-combatentes-/vender-apartamento-t2-na-avenida-comandante-valodia-combatentes-/0187844/ (Caused by NameResolutionError("HTTPSConnection(host='www.angocasa.com', port=443): Failed to resolve 'www.angocasa.com' ([Errno 11001] getaddrinfo failed)")) | t2
2026-07-04 13:02:25 [WARNING ] piia — Rede HTTPSConnectionPool(host='www.angocasa.com', port=443): Max retries exceeded with url: /apartamento/t2/luanda/comandante-valodia-combatentes-/vender-apartamento-t2-na-avenida-comandante-valodia-combatentes-/0187844/ (Caused by NameResolutionError("HTTPSConnection(host='www.angocasa.com', port=443): Failed to resolve 'www.angocasa.com' ([Errno 11001] getaddrinfo failed)")) | t3
2026-07-04 13:02:25 [ERROR   ] piia — Falha definitiva: https://www.angocasa.com/apartamento/t2/luanda/comandante-valodia-combatentes-/vender-apartamento-t2-na-avenida-comandante-valodia-combatentes-/0187844/
2026-07-04 13:02:29 [WARNING ] piia — Rede HTTPSConnectionPool(host='www.angocasa.com', port=443): Max retries exceeded with url: /vivenda/v3/luanda/viana/vender-vivenda-v3-no-condominio-acacias-viana-luanda-sul-/0187842/ (Caused by NameResolutionError("HTTPSConnection(host='www.angocasa.com', port=443): Failed to resolve 'www.angocasa.com' ([Errno 11001] getaddrinfo failed)")) | t1
2026-07-04 13:02:34 [WARNING ] piia — Rede HTTPSConnectionPool(host='www.angocasa.com', port=443): Max retries exceeded with url: /vivenda/v3/luanda/viana/vender-vivenda-v3-no-condominio-acacias-viana-luanda-sul-/0187842/ (Caused by NameResolutionError("HTTPSConnection(host='www.angocasa.com', port=443): Failed to resolve 'www.angocasa.com' ([Errno 11001] getaddrinfo failed)")) | t2
2026-07-04 13:02:44 [WARNING ] piia — Rede HTTPSConnectionPool(host='www.angocasa.com', port=443): Max retries exceeded with url: /vivenda/v3/luanda/viana/vender-vivenda-v3-no-condominio-acacias-viana-luanda-sul-/0187842/ (Caused by NameResolutionError("HTTPSConnection(host='www.angocasa.com', port=443): Failed to resolve 'www.angocasa.com' ([Errno 11001] getaddrinfo failed)")) | t3
2026-07-04 13:02:44 [ERROR   ] piia — Falha definitiva: https://www.angocasa.com/vivenda/v3/luanda/viana/vender-vivenda-v3-no-condominio-acacias-viana-luanda-sul-/0187842/
2026-07-04 13:02:47 [WARNING ] piia — Rede HTTPSConnectionPool(host='www.angocasa.com', port=443): Max retries exceeded with url: /terreno/luanda/benfica-inclui-lar-do-patriota-/vender-terreno-de-1-hectare-no-lar-do-patriota/0187841/ (Caused by NameResolutionError("HTTPSConnection(host='www.angocasa.com', port=443): Failed to resolve 'www.angocasa.com' ([Errno 11001] getaddrinfo failed)")) | t1
2026-07-04 13:02:52 [WARNING ] piia — Rede HTTPSConnectionPool(host='www.angocasa.com', port=443): Max retries exceeded with url: /terreno/luanda/benfica-inclui-lar-do-patriota-/vender-terreno-de-1-hectare-no-lar-do-patriota/0187841/ (Caused by NameResolutionError("HTTPSConnection(host='www.angocasa.com', port=443): Failed to resolve 'www.angocasa.com' ([Errno 11001] getaddrinfo failed)")) | t2
2026-07-04 13:03:02 [WARNING ] piia — Rede HTTPSConnectionPool(host='www.angocasa.com', port=443): Max retries exceeded with url: /terreno/luanda/benfica-inclui-lar-do-patriota-/vender-terreno-de-1-hectare-no-lar-do-patriota/0187841/ (Caused by NameResolutionError("HTTPSConnection(host='www.angocasa.com', port=443): Failed to resolve 'www.angocasa.com' ([Errno 11001] getaddrinfo failed)")) | t3
2026-07-04 13:03:02 [ERROR   ] piia — Falha definitiva: https://www.angocasa.com/terreno/luanda/benfica-inclui-lar-do-patriota-/vender-terreno-de-1-hectare-no-lar-do-patriota/0187841/
2026-07-04 13:03:07 [WARNING ] piia — Rede HTTPSConnectionPool(host='www.angocasa.com', port=443): Max retries exceeded with url: /vivenda/v3/luanda/camama/vender-vivenda-v3-no-camama-/0187837/ (Caused by NameResolutionError("HTTPSConnection(host='www.angocasa.com', port=443): Failed to resolve 'www.angocasa.com' ([Errno 11001] getaddrinfo failed)")) | t1
2026-07-04 13:03:12 [WARNING ] piia — Rede HTTPSConnectionPool(host='www.angocasa.com', port=443): Max retries exceeded with url: /vivenda/v3/luanda/camama/vender-vivenda-v3-no-camama-/0187837/ (Caused by NameResolutionError("HTTPSConnection(host='www.angocasa.com', port=443): Failed to resolve 'www.angocasa.com' ([Errno 11001] getaddrinfo failed)")) | t2
2026-07-04 13:03:22 [WARNING ] piia — Rede HTTPSConnectionPool(host='www.angocasa.com', port=443): Max retries exceeded with url: /vivenda/v3/luanda/camama/vender-vivenda-v3-no-camama-/0187837/ (Caused by NameResolutionError("HTTPSConnection(host='www.angocasa.com', port=443): Failed to resolve 'www.angocasa.com' ([Errno 11001] getaddrinfo failed)")) | t3
2026-07-04 13:03:22 [ERROR   ] piia — Falha definitiva: https://www.angocasa.com/vivenda/v3/luanda/camama/vender-vivenda-v3-no-camama-/0187837/
2026-07-04 13:03:26 [WARNING ] piia — Rede HTTPSConnectionPool(host='www.angocasa.com', port=443): Max retries exceeded with url: /vivenda/v4/luanda/nova-vida-golfe/vender-vivenda-v4-1-no-nova-vida-/187802/ (Caused by NameResolutionError("HTTPSConnection(host='www.angocasa.com', port=443): Failed to resolve 'www.angocasa.com' ([Errno 11001] getaddrinfo failed)")) | t1
2026-07-04 13:03:31 [WARNING ] piia — Rede HTTPSConnectionPool(host='www.angocasa.com', port=443): Max retries exceeded with url: /vivenda/v4/luanda/nova-vida-golfe/vender-vivenda-v4-1-no-nova-vida-/187802/ (Caused by NameResolutionError("HTTPSConnection(host='www.angocasa.com', port=443): Failed to resolve 'www.angocasa.com' ([Errno 11001] getaddrinfo failed)")) | t2
2026-07-04 13:03:41 [WARNING ] piia — Rede HTTPSConnectionPool(host='www.angocasa.com', port=443): Max retries exceeded with url: /vivenda/v4/luanda/nova-vida-golfe/vender-vivenda-v4-1-no-nova-vida-/187802/ (Caused by NameResolutionError("HTTPSConnection(host='www.angocasa.com', port=443): Failed to resolve 'www.angocasa.com' ([Errno 11001] getaddrinfo failed)")) | t3
2026-07-04 13:03:41 [ERROR   ] piia — Falha definitiva: https://www.angocasa.com/vivenda/v4/luanda/nova-vida-golfe/vender-vivenda-v4-1-no-nova-vida-/187802/
2026-07-04 13:06:49 [INFO    ] piia —     Pág 45: 40 anúncios extraídos (total acum.: 589)
2026-07-04 13:15:43 [WARNING ] piia — Rede ('Connection aborted.', ConnectionResetError(10054, 'An existing connection was forcibly closed by the remote host', None, 10054, None)) | t1
2026-07-04 13:18:09 [INFO    ] piia —     Pág 46: 50 anúncios extraídos (total acum.: 639)
2026-07-04 13:28:40 [INFO    ] piia —     Pág 47: 49 anúncios extraídos (total acum.: 688)
2026-07-04 13:40:00 [INFO    ] piia —     Pág 48: 50 anúncios extraídos (total acum.: 738)
2026-07-04 13:41:18 [WARNING ] piia — Rede ('Connection aborted.', RemoteDisconnected('Remote end closed connection without response')) | t1
2026-07-04 13:51:42 [INFO    ] piia —     Pág 49: 50 anúncios extraídos (total acum.: 788)
2026-07-04 14:03:32 [INFO    ] piia —     Pág 50: 50 anúncios extraídos (total acum.: 838)
2026-07-04 14:04:29 [WARNING ] piia — Rede HTTPSConnectionPool(host='www.angocasa.com', port=443): Read timed out. (read timeout=30) | t1
2026-07-04 14:04:34 [WARNING ] piia — Rede HTTPSConnectionPool(host='www.angocasa.com', port=443): Max retries exceeded with url: /terreno/luanda/viana/vender-terreno-de-2-5-hectares-na-engevia-via-expressa-/0185925/ (Caused by NameResolutionError("HTTPSConnection(host='www.angocasa.com', port=443): Failed to resolve 'www.angocasa.com' ([Errno 11001] getaddrinfo failed)")) | t2
2026-07-04 14:04:44 [WARNING ] piia — Rede HTTPSConnectionPool(host='www.angocasa.com', port=443): Max retries exceeded with url: /terreno/luanda/viana/vender-terreno-de-2-5-hectares-na-engevia-via-expressa-/0185925/ (Caused by NameResolutionError("HTTPSConnection(host='www.angocasa.com', port=443): Failed to resolve 'www.angocasa.com' ([Errno 11001] getaddrinfo failed)")) | t3
2026-07-04 14:04:44 [ERROR   ] piia — Falha definitiva: https://www.angocasa.com/terreno/luanda/viana/vender-terreno-de-2-5-hectares-na-engevia-via-expressa-/0185925/
2026-07-04 14:04:47 [WARNING ] piia — Rede HTTPSConnectionPool(host='www.angocasa.com', port=443): Max retries exceeded with url: /vivenda/v5/luanda/bairro-azul/vender-vivenda-v5-no-bairro-azul/185920/ (Caused by NameResolutionError("HTTPSConnection(host='www.angocasa.com', port=443): Failed to resolve 'www.angocasa.com' ([Errno 11001] getaddrinfo failed)")) | t1
2026-07-04 14:04:52 [WARNING ] piia — Rede HTTPSConnectionPool(host='www.angocasa.com', port=443): Max retries exceeded with url: /vivenda/v5/luanda/bairro-azul/vender-vivenda-v5-no-bairro-azul/185920/ (Caused by NameResolutionError("HTTPSConnection(host='www.angocasa.com', port=443): Failed to resolve 'www.angocasa.com' ([Errno 11001] getaddrinfo failed)")) | t2
2026-07-04 14:05:02 [WARNING ] piia — Rede HTTPSConnectionPool(host='www.angocasa.com', port=443): Max retries exceeded with url: /vivenda/v5/luanda/bairro-azul/vender-vivenda-v5-no-bairro-azul/185920/ (Caused by NameResolutionError("HTTPSConnection(host='www.angocasa.com', port=443): Failed to resolve 'www.angocasa.com' ([Errno 11001] getaddrinfo failed)")) | t3
2026-07-04 14:05:02 [ERROR   ] piia — Falha definitiva: https://www.angocasa.com/vivenda/v5/luanda/bairro-azul/vender-vivenda-v5-no-bairro-azul/185920/
2026-07-04 14:05:05 [WARNING ] piia — Rede HTTPSConnectionPool(host='www.angocasa.com', port=443): Max retries exceeded with url: /terreno/luanda/alvalade/vender-terreno-de-1.176-m-no-alvalade/0185917/ (Caused by NameResolutionError("HTTPSConnection(host='www.angocasa.com', port=443): Failed to resolve 'www.angocasa.com' ([Errno 11001] getaddrinfo failed)")) | t1
2026-07-04 14:05:10 [WARNING ] piia — Rede HTTPSConnectionPool(host='www.angocasa.com', port=443): Max retries exceeded with url: /terreno/luanda/alvalade/vender-terreno-de-1.176-m-no-alvalade/0185917/ (Caused by NameResolutionError("HTTPSConnection(host='www.angocasa.com', port=443): Failed to resolve 'www.angocasa.com' ([Errno 11001] getaddrinfo failed)")) | t2
2026-07-04 14:05:20 [WARNING ] piia — Rede HTTPSConnectionPool(host='www.angocasa.com', port=443): Max retries exceeded with url: /terreno/luanda/alvalade/vender-terreno-de-1.176-m-no-alvalade/0185917/ (Caused by NameResolutionError("HTTPSConnection(host='www.angocasa.com', port=443): Failed to resolve 'www.angocasa.com' ([Errno 11001] getaddrinfo failed)")) | t3
2026-07-04 14:05:20 [ERROR   ] piia — Falha definitiva: https://www.angocasa.com/terreno/luanda/alvalade/vender-terreno-de-1.176-m-no-alvalade/0185917/
2026-07-04 14:05:26 [WARNING ] piia — Rede HTTPSConnectionPool(host='www.angocasa.com', port=443): Max retries exceeded with url: /vivenda/v3/luanda/benfica-inclui-lar-do-patriota-/vender-vivenda-v3-terrea-no-condominio-boa-vida-benfica-/0185912/ (Caused by NameResolutionError("HTTPSConnection(host='www.angocasa.com', port=443): Failed to resolve 'www.angocasa.com' ([Errno 11001] getaddrinfo failed)")) | t1
2026-07-04 14:05:31 [WARNING ] piia — Rede HTTPSConnectionPool(host='www.angocasa.com', port=443): Max retries exceeded with url: /vivenda/v3/luanda/benfica-inclui-lar-do-patriota-/vender-vivenda-v3-terrea-no-condominio-boa-vida-benfica-/0185912/ (Caused by NameResolutionError("HTTPSConnection(host='www.angocasa.com', port=443): Failed to resolve 'www.angocasa.com' ([Errno 11001] getaddrinfo failed)")) | t2
2026-07-04 14:05:41 [WARNING ] piia — Rede HTTPSConnectionPool(host='www.angocasa.com', port=443): Max retries exceeded with url: /vivenda/v3/luanda/benfica-inclui-lar-do-patriota-/vender-vivenda-v3-terrea-no-condominio-boa-vida-benfica-/0185912/ (Caused by NameResolutionError("HTTPSConnection(host='www.angocasa.com', port=443): Failed to resolve 'www.angocasa.com' ([Errno 11001] getaddrinfo failed)")) | t3
2026-07-04 14:05:41 [ERROR   ] piia — Falha definitiva: https://www.angocasa.com/vivenda/v3/luanda/benfica-inclui-lar-do-patriota-/vender-vivenda-v3-terrea-no-condominio-boa-vida-benfica-/0185912/
2026-07-04 14:05:45 [WARNING ] piia — Rede HTTPSConnectionPool(host='www.angocasa.com', port=443): Max retries exceeded with url: /vivenda/v2/luanda/camama/vender-vivenda-v2-duplex-na-fubu-camama/0185911/ (Caused by NameResolutionError("HTTPSConnection(host='www.angocasa.com', port=443): Failed to resolve 'www.angocasa.com' ([Errno 11001] getaddrinfo failed)")) | t1
2026-07-04 14:05:50 [WARNING ] piia — Rede HTTPSConnectionPool(host='www.angocasa.com', port=443): Max retries exceeded with url: /vivenda/v2/luanda/camama/vender-vivenda-v2-duplex-na-fubu-camama/0185911/ (Caused by NameResolutionError("HTTPSConnection(host='www.angocasa.com', port=443): Failed to resolve 'www.angocasa.com' ([Errno 11001] getaddrinfo failed)")) | t2
2026-07-04 14:06:00 [WARNING ] piia — Rede HTTPSConnectionPool(host='www.angocasa.com', port=443): Max retries exceeded with url: /vivenda/v2/luanda/camama/vender-vivenda-v2-duplex-na-fubu-camama/0185911/ (Caused by NameResolutionError("HTTPSConnection(host='www.angocasa.com', port=443): Failed to resolve 'www.angocasa.com' ([Errno 11001] getaddrinfo failed)")) | t3
2026-07-04 14:06:00 [ERROR   ] piia — Falha definitiva: https://www.angocasa.com/vivenda/v2/luanda/camama/vender-vivenda-v2-duplex-na-fubu-camama/0185911/
2026-07-04 14:06:06 [WARNING ] piia — Rede HTTPSConnectionPool(host='www.angocasa.com', port=443): Max retries exceeded with url: /vivenda/v3/luanda/benfica-inclui-lar-do-patriota-/vender-vivenda-v3-no-benfica/0185876/ (Caused by NameResolutionError("HTTPSConnection(host='www.angocasa.com', port=443): Failed to resolve 'www.angocasa.com' ([Errno 11001] getaddrinfo failed)")) | t1
2026-07-04 14:06:11 [WARNING ] piia — Rede HTTPSConnectionPool(host='www.angocasa.com', port=443): Max retries exceeded with url: /vivenda/v3/luanda/benfica-inclui-lar-do-patriota-/vender-vivenda-v3-no-benfica/0185876/ (Caused by NameResolutionError("HTTPSConnection(host='www.angocasa.com', port=443): Failed to resolve 'www.angocasa.com' ([Errno 11001] getaddrinfo failed)")) | t2
2026-07-04 14:06:21 [WARNING ] piia — Rede HTTPSConnectionPool(host='www.angocasa.com', port=443): Max retries exceeded with url: /vivenda/v3/luanda/benfica-inclui-lar-do-patriota-/vender-vivenda-v3-no-benfica/0185876/ (Caused by NameResolutionError("HTTPSConnection(host='www.angocasa.com', port=443): Failed to resolve 'www.angocasa.com' ([Errno 11001] getaddrinfo failed)")) | t3
2026-07-04 14:06:21 [ERROR   ] piia — Falha definitiva: https://www.angocasa.com/vivenda/v3/luanda/benfica-inclui-lar-do-patriota-/vender-vivenda-v3-no-benfica/0185876/
2026-07-04 14:06:25 [WARNING ] piia — Rede HTTPSConnectionPool(host='www.angocasa.com', port=443): Max retries exceeded with url: /vivenda/v3/luanda/camama/vender-moradia-v3-no-condominio-monte-oliveira-/0185861/ (Caused by NameResolutionError("HTTPSConnection(host='www.angocasa.com', port=443): Failed to resolve 'www.angocasa.com' ([Errno 11001] getaddrinfo failed)")) | t1
2026-07-04 14:06:30 [WARNING ] piia — Rede HTTPSConnectionPool(host='www.angocasa.com', port=443): Max retries exceeded with url: /vivenda/v3/luanda/camama/vender-moradia-v3-no-condominio-monte-oliveira-/0185861/ (Caused by NameResolutionError("HTTPSConnection(host='www.angocasa.com', port=443): Failed to resolve 'www.angocasa.com' ([Errno 11001] getaddrinfo failed)")) | t2
2026-07-04 14:06:40 [WARNING ] piia — Rede HTTPSConnectionPool(host='www.angocasa.com', port=443): Max retries exceeded with url: /vivenda/v3/luanda/camama/vender-moradia-v3-no-condominio-monte-oliveira-/0185861/ (Caused by NameResolutionError("HTTPSConnection(host='www.angocasa.com', port=443): Failed to resolve 'www.angocasa.com' ([Errno 11001] getaddrinfo failed)")) | t3
2026-07-04 14:06:40 [ERROR   ] piia — Falha definitiva: https://www.angocasa.com/vivenda/v3/luanda/camama/vender-moradia-v3-no-condominio-monte-oliveira-/0185861/
2026-07-04 14:06:46 [WARNING ] piia — Rede HTTPSConnectionPool(host='www.angocasa.com', port=443): Max retries exceeded with url: /vivenda/luanda/vila-alice-nelito-soares-/vender-vivenda-v30-na-vila-alice-/185845/ (Caused by NameResolutionError("HTTPSConnection(host='www.angocasa.com', port=443): Failed to resolve 'www.angocasa.com' ([Errno 11001] getaddrinfo failed)")) | t1
2026-07-04 14:06:51 [WARNING ] piia — Rede HTTPSConnectionPool(host='www.angocasa.com', port=443): Max retries exceeded with url: /vivenda/luanda/vila-alice-nelito-soares-/vender-vivenda-v30-na-vila-alice-/185845/ (Caused by NameResolutionError("HTTPSConnection(host='www.angocasa.com', port=443): Failed to resolve 'www.angocasa.com' ([Errno 11001] getaddrinfo failed)")) | t2
2026-07-04 14:07:01 [WARNING ] piia — Rede HTTPSConnectionPool(host='www.angocasa.com', port=443): Max retries exceeded with url: /vivenda/luanda/vila-alice-nelito-soares-/vender-vivenda-v30-na-vila-alice-/185845/ (Caused by NameResolutionError("HTTPSConnection(host='www.angocasa.com', port=443): Failed to resolve 'www.angocasa.com' ([Errno 11001] getaddrinfo failed)")) | t3
2026-07-04 14:07:01 [ERROR   ] piia — Falha definitiva: https://www.angocasa.com/vivenda/luanda/vila-alice-nelito-soares-/vender-vivenda-v30-na-vila-alice-/185845/
2026-07-04 14:07:06 [WARNING ] piia — Rede HTTPSConnectionPool(host='www.angocasa.com', port=443): Max retries exceeded with url: /empreendimento/luanda/viana/vender-fabrica-de-transformacao-e-processamento-de-carne-em-viana/0185842/ (Caused by NameResolutionError("HTTPSConnection(host='www.angocasa.com', port=443): Failed to resolve 'www.angocasa.com' ([Errno 11001] getaddrinfo failed)")) | t1
2026-07-04 14:07:11 [WARNING ] piia — Rede HTTPSConnectionPool(host='www.angocasa.com', port=443): Max retries exceeded with url: /empreendimento/luanda/viana/vender-fabrica-de-transformacao-e-processamento-de-carne-em-viana/0185842/ (Caused by NameResolutionError("HTTPSConnection(host='www.angocasa.com', port=443): Failed to resolve 'www.angocasa.com' ([Errno 11001] getaddrinfo failed)")) | t2
2026-07-04 14:07:21 [WARNING ] piia — Rede HTTPSConnectionPool(host='www.angocasa.com', port=443): Max retries exceeded with url: /empreendimento/luanda/viana/vender-fabrica-de-transformacao-e-processamento-de-carne-em-viana/0185842/ (Caused by NameResolutionError("HTTPSConnection(host='www.angocasa.com', port=443): Failed to resolve 'www.angocasa.com' ([Errno 11001] getaddrinfo failed)")) | t3
2026-07-04 14:07:21 [ERROR   ] piia — Falha definitiva: https://www.angocasa.com/empreendimento/luanda/viana/vender-fabrica-de-transformacao-e-processamento-de-carne-em-viana/0185842/
2026-07-04 14:07:24 [WARNING ] piia — Rede HTTPSConnectionPool(host='www.angocasa.com', port=443): Max retries exceeded with url: /vivenda/v4/luanda/benfica-inclui-lar-do-patriota-/arrendar-vivenda-v4-no-condominio-old-vilas/0185837/ (Caused by NameResolutionError("HTTPSConnection(host='www.angocasa.com', port=443): Failed to resolve 'www.angocasa.com' ([Errno 11001] getaddrinfo failed)")) | t1
2026-07-04 14:07:29 [WARNING ] piia — Rede HTTPSConnectionPool(host='www.angocasa.com', port=443): Max retries exceeded with url: /vivenda/v4/luanda/benfica-inclui-lar-do-patriota-/arrendar-vivenda-v4-no-condominio-old-vilas/0185837/ (Caused by NameResolutionError("HTTPSConnection(host='www.angocasa.com', port=443): Failed to resolve 'www.angocasa.com' ([Errno 11001] getaddrinfo failed)")) | t2
2026-07-04 14:07:39 [WARNING ] piia — Rede HTTPSConnectionPool(host='www.angocasa.com', port=443): Max retries exceeded with url: /vivenda/v4/luanda/benfica-inclui-lar-do-patriota-/arrendar-vivenda-v4-no-condominio-old-vilas/0185837/ (Caused by NameResolutionError("HTTPSConnection(host='www.angocasa.com', port=443): Failed to resolve 'www.angocasa.com' ([Errno 11001] getaddrinfo failed)")) | t3
2026-07-04 14:07:39 [ERROR   ] piia — Falha definitiva: https://www.angocasa.com/vivenda/v4/luanda/benfica-inclui-lar-do-patriota-/arrendar-vivenda-v4-no-condominio-old-vilas/0185837/
2026-07-04 14:07:42 [WARNING ] piia — Rede HTTPSConnectionPool(host='www.angocasa.com', port=443): Max retries exceeded with url: /empreendimento/misto/luanda/talatona/vender-edificio-de-5-andares-no-talatona-/0185829/ (Caused by NameResolutionError("HTTPSConnection(host='www.angocasa.com', port=443): Failed to resolve 'www.angocasa.com' ([Errno 11001] getaddrinfo failed)")) | t1
2026-07-04 14:07:47 [WARNING ] piia — Rede HTTPSConnectionPool(host='www.angocasa.com', port=443): Max retries exceeded with url: /empreendimento/misto/luanda/talatona/vender-edificio-de-5-andares-no-talatona-/0185829/ (Caused by NameResolutionError("HTTPSConnection(host='www.angocasa.com', port=443): Failed to resolve 'www.angocasa.com' ([Errno 11001] getaddrinfo failed)")) | t2
2026-07-04 14:07:57 [WARNING ] piia — Rede HTTPSConnectionPool(host='www.angocasa.com', port=443): Max retries exceeded with url: /empreendimento/misto/luanda/talatona/vender-edificio-de-5-andares-no-talatona-/0185829/ (Caused by NameResolutionError("HTTPSConnection(host='www.angocasa.com', port=443): Failed to resolve 'www.angocasa.com' ([Errno 11001] getaddrinfo failed)")) | t3
2026-07-04 14:07:57 [ERROR   ] piia — Falha definitiva: https://www.angocasa.com/empreendimento/misto/luanda/talatona/vender-edificio-de-5-andares-no-talatona-/0185829/
2026-07-04 14:08:00 [WARNING ] piia — Rede HTTPSConnectionPool(host='www.angocasa.com', port=443): Max retries exceeded with url: /terreno/luanda/viana/vender-terreno-de-2-hectares-na-via-expressa/0185828/ (Caused by NameResolutionError("HTTPSConnection(host='www.angocasa.com', port=443): Failed to resolve 'www.angocasa.com' ([Errno 11001] getaddrinfo failed)")) | t1
2026-07-04 14:08:05 [WARNING ] piia — Rede HTTPSConnectionPool(host='www.angocasa.com', port=443): Max retries exceeded with url: /terreno/luanda/viana/vender-terreno-de-2-hectares-na-via-expressa/0185828/ (Caused by NameResolutionError("HTTPSConnection(host='www.angocasa.com', port=443): Failed to resolve 'www.angocasa.com' ([Errno 11001] getaddrinfo failed)")) | t2
2026-07-04 14:08:15 [WARNING ] piia — Rede HTTPSConnectionPool(host='www.angocasa.com', port=443): Max retries exceeded with url: /terreno/luanda/viana/vender-terreno-de-2-hectares-na-via-expressa/0185828/ (Caused by NameResolutionError("HTTPSConnection(host='www.angocasa.com', port=443): Failed to resolve 'www.angocasa.com' ([Errno 11001] getaddrinfo failed)")) | t3
2026-07-04 14:08:15 [ERROR   ] piia — Falha definitiva: https://www.angocasa.com/terreno/luanda/viana/vender-terreno-de-2-hectares-na-via-expressa/0185828/
2026-07-04 14:08:18 [WARNING ] piia — Rede HTTPSConnectionPool(host='www.angocasa.com', port=443): Max retries exceeded with url: /armazem/luanda/benfica-inclui-lar-do-patriota-/vender-armazem-de-4.000-m-no-benfica/0185797/ (Caused by NameResolutionError("HTTPSConnection(host='www.angocasa.com', port=443): Failed to resolve 'www.angocasa.com' ([Errno 11001] getaddrinfo failed)")) | t1
2026-07-04 14:08:23 [WARNING ] piia — Rede HTTPSConnectionPool(host='www.angocasa.com', port=443): Max retries exceeded with url: /armazem/luanda/benfica-inclui-lar-do-patriota-/vender-armazem-de-4.000-m-no-benfica/0185797/ (Caused by NameResolutionError("HTTPSConnection(host='www.angocasa.com', port=443): Failed to resolve 'www.angocasa.com' ([Errno 11001] getaddrinfo failed)")) | t2
2026-07-04 14:08:33 [WARNING ] piia — Rede HTTPSConnectionPool(host='www.angocasa.com', port=443): Max retries exceeded with url: /armazem/luanda/benfica-inclui-lar-do-patriota-/vender-armazem-de-4.000-m-no-benfica/0185797/ (Caused by NameResolutionError("HTTPSConnection(host='www.angocasa.com', port=443): Failed to resolve 'www.angocasa.com' ([Errno 11001] getaddrinfo failed)")) | t3
2026-07-04 14:08:33 [ERROR   ] piia — Falha definitiva: https://www.angocasa.com/armazem/luanda/benfica-inclui-lar-do-patriota-/vender-armazem-de-4.000-m-no-benfica/0185797/
2026-07-04 14:08:36 [WARNING ] piia — Rede HTTPSConnectionPool(host='www.angocasa.com', port=443): Max retries exceeded with url: /terreno/luanda/viana/vender-terreno-de-2-5-hectares-na-via-expressa-viana-/0185794/ (Caused by NameResolutionError("HTTPSConnection(host='www.angocasa.com', port=443): Failed to resolve 'www.angocasa.com' ([Errno 11001] getaddrinfo failed)")) | t1
2026-07-04 14:08:41 [WARNING ] piia — Rede HTTPSConnectionPool(host='www.angocasa.com', port=443): Max retries exceeded with url: /terreno/luanda/viana/vender-terreno-de-2-5-hectares-na-via-expressa-viana-/0185794/ (Caused by NameResolutionError("HTTPSConnection(host='www.angocasa.com', port=443): Failed to resolve 'www.angocasa.com' ([Errno 11001] getaddrinfo failed)")) | t2
2026-07-04 14:08:51 [WARNING ] piia — Rede HTTPSConnectionPool(host='www.angocasa.com', port=443): Max retries exceeded with url: /terreno/luanda/viana/vender-terreno-de-2-5-hectares-na-via-expressa-viana-/0185794/ (Caused by NameResolutionError("HTTPSConnection(host='www.angocasa.com', port=443): Failed to resolve 'www.angocasa.com' ([Errno 11001] getaddrinfo failed)")) | t3
2026-07-04 14:08:51 [ERROR   ] piia — Falha definitiva: https://www.angocasa.com/terreno/luanda/viana/vender-terreno-de-2-5-hectares-na-via-expressa-viana-/0185794/
2026-07-04 14:08:56 [WARNING ] piia — Rede HTTPSConnectionPool(host='www.angocasa.com', port=443): Max retries exceeded with url: /vivenda/v10-ou-superior/luanda/maianga/vender-vivenda-v10-na-maianga/185793/ (Caused by NameResolutionError("HTTPSConnection(host='www.angocasa.com', port=443): Failed to resolve 'www.angocasa.com' ([Errno 11001] getaddrinfo failed)")) | t1
2026-07-04 14:09:01 [WARNING ] piia — Rede HTTPSConnectionPool(host='www.angocasa.com', port=443): Max retries exceeded with url: /vivenda/v10-ou-superior/luanda/maianga/vender-vivenda-v10-na-maianga/185793/ (Caused by NameResolutionError("HTTPSConnection(host='www.angocasa.com', port=443): Failed to resolve 'www.angocasa.com' ([Errno 11001] getaddrinfo failed)")) | t2
2026-07-04 14:09:11 [WARNING ] piia — Rede HTTPSConnectionPool(host='www.angocasa.com', port=443): Max retries exceeded with url: /vivenda/v10-ou-superior/luanda/maianga/vender-vivenda-v10-na-maianga/185793/ (Caused by NameResolutionError("HTTPSConnection(host='www.angocasa.com', port=443): Failed to resolve 'www.angocasa.com' ([Errno 11001] getaddrinfo failed)")) | t3
2026-07-04 14:09:11 [ERROR   ] piia — Falha definitiva: https://www.angocasa.com/vivenda/v10-ou-superior/luanda/maianga/vender-vivenda-v10-na-maianga/185793/
2026-07-04 14:09:14 [WARNING ] piia — Rede HTTPSConnectionPool(host='www.angocasa.com', port=443): Max retries exceeded with url: /vivenda/v4/luanda/nova-vida-golfe/vender-moradia-v4-duplex-no-projecto-nova-vida-/0185791/ (Caused by NameResolutionError("HTTPSConnection(host='www.angocasa.com', port=443): Failed to resolve 'www.angocasa.com' ([Errno 11001] getaddrinfo failed)")) | t1
2026-07-04 14:09:19 [WARNING ] piia — Rede HTTPSConnectionPool(host='www.angocasa.com', port=443): Max retries exceeded with url: /vivenda/v4/luanda/nova-vida-golfe/vender-moradia-v4-duplex-no-projecto-nova-vida-/0185791/ (Caused by NameResolutionError("HTTPSConnection(host='www.angocasa.com', port=443): Failed to resolve 'www.angocasa.com' ([Errno 11001] getaddrinfo failed)")) | t2
2026-07-04 14:09:29 [WARNING ] piia — Rede HTTPSConnectionPool(host='www.angocasa.com', port=443): Max retries exceeded with url: /vivenda/v4/luanda/nova-vida-golfe/vender-moradia-v4-duplex-no-projecto-nova-vida-/0185791/ (Caused by NameResolutionError("HTTPSConnection(host='www.angocasa.com', port=443): Failed to resolve 'www.angocasa.com' ([Errno 11001] getaddrinfo failed)")) | t3
2026-07-04 14:09:29 [ERROR   ] piia — Falha definitiva: https://www.angocasa.com/vivenda/v4/luanda/nova-vida-golfe/vender-moradia-v4-duplex-no-projecto-nova-vida-/0185791/
2026-07-04 14:09:33 [WARNING ] piia — Rede HTTPSConnectionPool(host='www.angocasa.com', port=443): Max retries exceeded with url: /apartamento/t3/luanda/talatona/vender-apartamento-t3-no-condominio-palms-residence-talatona-/0185779/ (Caused by NameResolutionError("HTTPSConnection(host='www.angocasa.com', port=443): Failed to resolve 'www.angocasa.com' ([Errno 11001] getaddrinfo failed)")) | t1
2026-07-04 14:09:38 [WARNING ] piia — Rede HTTPSConnectionPool(host='www.angocasa.com', port=443): Max retries exceeded with url: /apartamento/t3/luanda/talatona/vender-apartamento-t3-no-condominio-palms-residence-talatona-/0185779/ (Caused by NameResolutionError("HTTPSConnection(host='www.angocasa.com', port=443): Failed to resolve 'www.angocasa.com' ([Errno 11001] getaddrinfo failed)")) | t2
2026-07-04 14:09:48 [WARNING ] piia — Rede HTTPSConnectionPool(host='www.angocasa.com', port=443): Max retries exceeded with url: /apartamento/t3/luanda/talatona/vender-apartamento-t3-no-condominio-palms-residence-talatona-/0185779/ (Caused by NameResolutionError("HTTPSConnection(host='www.angocasa.com', port=443): Failed to resolve 'www.angocasa.com' ([Errno 11001] getaddrinfo failed)")) | t3
2026-07-04 14:09:48 [ERROR   ] piia — Falha definitiva: https://www.angocasa.com/apartamento/t3/luanda/talatona/vender-apartamento-t3-no-condominio-palms-residence-talatona-/0185779/
2026-07-04 14:09:54 [WARNING ] piia — Rede HTTPSConnectionPool(host='www.angocasa.com', port=443): Max retries exceeded with url: /estaleiro/luanda/ramiro/vender-estaleiro-com-terreno-de-130-100-m-no-ramiro-/0185774/ (Caused by NameResolutionError("HTTPSConnection(host='www.angocasa.com', port=443): Failed to resolve 'www.angocasa.com' ([Errno 11001] getaddrinfo failed)")) | t1
2026-07-04 14:09:59 [WARNING ] piia — Rede HTTPSConnectionPool(host='www.angocasa.com', port=443): Max retries exceeded with url: /estaleiro/luanda/ramiro/vender-estaleiro-com-terreno-de-130-100-m-no-ramiro-/0185774/ (Caused by NameResolutionError("HTTPSConnection(host='www.angocasa.com', port=443): Failed to resolve 'www.angocasa.com' ([Errno 11001] getaddrinfo failed)")) | t2
2026-07-04 14:10:09 [WARNING ] piia — Rede HTTPSConnectionPool(host='www.angocasa.com', port=443): Max retries exceeded with url: /estaleiro/luanda/ramiro/vender-estaleiro-com-terreno-de-130-100-m-no-ramiro-/0185774/ (Caused by NameResolutionError("HTTPSConnection(host='www.angocasa.com', port=443): Failed to resolve 'www.angocasa.com' ([Errno 11001] getaddrinfo failed)")) | t3
2026-07-04 14:10:09 [ERROR   ] piia — Falha definitiva: https://www.angocasa.com/estaleiro/luanda/ramiro/vender-estaleiro-com-terreno-de-130-100-m-no-ramiro-/0185774/
2026-07-04 14:10:13 [WARNING ] piia — Rede HTTPSConnectionPool(host='www.angocasa.com', port=443): Max retries exceeded with url: /terreno/luanda/benfica-inclui-lar-do-patriota-/vender-terreno-de-2000-m-no-patriota-benfica-/0185775/ (Caused by NameResolutionError("HTTPSConnection(host='www.angocasa.com', port=443): Failed to resolve 'www.angocasa.com' ([Errno 11001] getaddrinfo failed)")) | t1
2026-07-04 14:10:18 [WARNING ] piia — Rede HTTPSConnectionPool(host='www.angocasa.com', port=443): Max retries exceeded with url: /terreno/luanda/benfica-inclui-lar-do-patriota-/vender-terreno-de-2000-m-no-patriota-benfica-/0185775/ (Caused by NameResolutionError("HTTPSConnection(host='www.angocasa.com', port=443): Failed to resolve 'www.angocasa.com' ([Errno 11001] getaddrinfo failed)")) | t2
2026-07-04 14:10:28 [WARNING ] piia — Rede HTTPSConnectionPool(host='www.angocasa.com', port=443): Max retries exceeded with url: /terreno/luanda/benfica-inclui-lar-do-patriota-/vender-terreno-de-2000-m-no-patriota-benfica-/0185775/ (Caused by NameResolutionError("HTTPSConnection(host='www.angocasa.com', port=443): Failed to resolve 'www.angocasa.com' ([Errno 11001] getaddrinfo failed)")) | t3
2026-07-04 14:10:28 [ERROR   ] piia — Falha definitiva: https://www.angocasa.com/terreno/luanda/benfica-inclui-lar-do-patriota-/vender-terreno-de-2000-m-no-patriota-benfica-/0185775/
2026-07-04 14:10:33 [WARNING ] piia — Rede HTTPSConnectionPool(host='www.angocasa.com', port=443): Max retries exceeded with url: /vivenda/v3/luanda/viana/vender-vivenda-v3-duplex-mobilada-no-condominio-ginga-cristina-viana/0185760/ (Caused by NameResolutionError("HTTPSConnection(host='www.angocasa.com', port=443): Failed to resolve 'www.angocasa.com' ([Errno 11001] getaddrinfo failed)")) | t1
2026-07-04 14:10:38 [WARNING ] piia — Rede HTTPSConnectionPool(host='www.angocasa.com', port=443): Max retries exceeded with url: /vivenda/v3/luanda/viana/vender-vivenda-v3-duplex-mobilada-no-condominio-ginga-cristina-viana/0185760/ (Caused by NameResolutionError("HTTPSConnection(host='www.angocasa.com', port=443): Failed to resolve 'www.angocasa.com' ([Errno 11001] getaddrinfo failed)")) | t2
2026-07-04 14:10:48 [WARNING ] piia — Rede HTTPSConnectionPool(host='www.angocasa.com', port=443): Max retries exceeded with url: /vivenda/v3/luanda/viana/vender-vivenda-v3-duplex-mobilada-no-condominio-ginga-cristina-viana/0185760/ (Caused by NameResolutionError("HTTPSConnection(host='www.angocasa.com', port=443): Failed to resolve 'www.angocasa.com' ([Errno 11001] getaddrinfo failed)")) | t3
2026-07-04 14:10:48 [ERROR   ] piia — Falha definitiva: https://www.angocasa.com/vivenda/v3/luanda/viana/vender-vivenda-v3-duplex-mobilada-no-condominio-ginga-cristina-viana/0185760/
2026-07-04 14:10:53 [WARNING ] piia — Rede HTTPSConnectionPool(host='www.angocasa.com', port=443): Max retries exceeded with url: /vivenda/v3/luanda/benfica-inclui-lar-do-patriota-/vender-vivenda-v3-5-no-patriota-benfica-/0185759/ (Caused by NameResolutionError("HTTPSConnection(host='www.angocasa.com', port=443): Failed to resolve 'www.angocasa.com' ([Errno 11001] getaddrinfo failed)")) | t1
2026-07-04 14:10:58 [WARNING ] piia — Rede HTTPSConnectionPool(host='www.angocasa.com', port=443): Max retries exceeded with url: /vivenda/v3/luanda/benfica-inclui-lar-do-patriota-/vender-vivenda-v3-5-no-patriota-benfica-/0185759/ (Caused by NameResolutionError("HTTPSConnection(host='www.angocasa.com', port=443): Failed to resolve 'www.angocasa.com' ([Errno 11001] getaddrinfo failed)")) | t2
2026-07-04 14:11:08 [WARNING ] piia — Rede HTTPSConnectionPool(host='www.angocasa.com', port=443): Max retries exceeded with url: /vivenda/v3/luanda/benfica-inclui-lar-do-patriota-/vender-vivenda-v3-5-no-patriota-benfica-/0185759/ (Caused by NameResolutionError("HTTPSConnection(host='www.angocasa.com', port=443): Failed to resolve 'www.angocasa.com' ([Errno 11001] getaddrinfo failed)")) | t3
2026-07-04 14:11:08 [ERROR   ] piia — Falha definitiva: https://www.angocasa.com/vivenda/v3/luanda/benfica-inclui-lar-do-patriota-/vender-vivenda-v3-5-no-patriota-benfica-/0185759/
2026-07-04 14:11:13 [WARNING ] piia — Rede HTTPSConnectionPool(host='www.angocasa.com', port=443): Max retries exceeded with url: /vivenda/v3/luanda/talatona/vender-vivenda-v3-no-condominio-boa-vida-benfica-/0185741/ (Caused by NameResolutionError("HTTPSConnection(host='www.angocasa.com', port=443): Failed to resolve 'www.angocasa.com' ([Errno 11001] getaddrinfo failed)")) | t1
2026-07-04 14:11:18 [WARNING ] piia — Rede HTTPSConnectionPool(host='www.angocasa.com', port=443): Max retries exceeded with url: /vivenda/v3/luanda/talatona/vender-vivenda-v3-no-condominio-boa-vida-benfica-/0185741/ (Caused by NameResolutionError("HTTPSConnection(host='www.angocasa.com', port=443): Failed to resolve 'www.angocasa.com' ([Errno 11001] getaddrinfo failed)")) | t2
2026-07-04 14:11:28 [WARNING ] piia — Rede HTTPSConnectionPool(host='www.angocasa.com', port=443): Max retries exceeded with url: /vivenda/v3/luanda/talatona/vender-vivenda-v3-no-condominio-boa-vida-benfica-/0185741/ (Caused by NameResolutionError("HTTPSConnection(host='www.angocasa.com', port=443): Failed to resolve 'www.angocasa.com' ([Errno 11001] getaddrinfo failed)")) | t3
2026-07-04 14:11:28 [ERROR   ] piia — Falha definitiva: https://www.angocasa.com/vivenda/v3/luanda/talatona/vender-vivenda-v3-no-condominio-boa-vida-benfica-/0185741/
2026-07-04 14:11:34 [WARNING ] piia — Rede HTTPSConnectionPool(host='www.angocasa.com', port=443): Max retries exceeded with url: /vivenda/v5/luanda/benfica-inclui-lar-do-patriota-/vender-vivenda-v5-4-duplex-no-patriota-benfica-/0185739/ (Caused by NameResolutionError("HTTPSConnection(host='www.angocasa.com', port=443): Failed to resolve 'www.angocasa.com' ([Errno 11001] getaddrinfo failed)")) | t1
2026-07-04 14:11:39 [WARNING ] piia — Rede HTTPSConnectionPool(host='www.angocasa.com', port=443): Max retries exceeded with url: /vivenda/v5/luanda/benfica-inclui-lar-do-patriota-/vender-vivenda-v5-4-duplex-no-patriota-benfica-/0185739/ (Caused by NameResolutionError("HTTPSConnection(host='www.angocasa.com', port=443): Failed to resolve 'www.angocasa.com' ([Errno 11001] getaddrinfo failed)")) | t2
2026-07-04 14:11:49 [WARNING ] piia — Rede HTTPSConnectionPool(host='www.angocasa.com', port=443): Max retries exceeded with url: /vivenda/v5/luanda/benfica-inclui-lar-do-patriota-/vender-vivenda-v5-4-duplex-no-patriota-benfica-/0185739/ (Caused by NameResolutionError("HTTPSConnection(host='www.angocasa.com', port=443): Failed to resolve 'www.angocasa.com' ([Errno 11001] getaddrinfo failed)")) | t3
2026-07-04 14:11:49 [ERROR   ] piia — Falha definitiva: https://www.angocasa.com/vivenda/v5/luanda/benfica-inclui-lar-do-patriota-/vender-vivenda-v5-4-duplex-no-patriota-benfica-/0185739/
2026-07-04 14:11:53 [WARNING ] piia — Rede HTTPSConnectionPool(host='www.angocasa.com', port=443): Max retries exceeded with url: /apartamento/t3/luanda/kilamba/vender-apartamento-t3-trespasse-no-kilamba-/0185737/ (Caused by NameResolutionError("HTTPSConnection(host='www.angocasa.com', port=443): Failed to resolve 'www.angocasa.com' ([Errno 11001] getaddrinfo failed)")) | t1
2026-07-04 14:11:58 [WARNING ] piia — Rede HTTPSConnectionPool(host='www.angocasa.com', port=443): Max retries exceeded with url: /apartamento/t3/luanda/kilamba/vender-apartamento-t3-trespasse-no-kilamba-/0185737/ (Caused by NameResolutionError("HTTPSConnection(host='www.angocasa.com', port=443): Failed to resolve 'www.angocasa.com' ([Errno 11001] getaddrinfo failed)")) | t2
2026-07-04 14:12:08 [WARNING ] piia — Rede HTTPSConnectionPool(host='www.angocasa.com', port=443): Max retries exceeded with url: /apartamento/t3/luanda/kilamba/vender-apartamento-t3-trespasse-no-kilamba-/0185737/ (Caused by NameResolutionError("HTTPSConnection(host='www.angocasa.com', port=443): Failed to resolve 'www.angocasa.com' ([Errno 11001] getaddrinfo failed)")) | t3
2026-07-04 14:12:08 [ERROR   ] piia — Falha definitiva: https://www.angocasa.com/apartamento/t3/luanda/kilamba/vender-apartamento-t3-trespasse-no-kilamba-/0185737/
2026-07-04 14:12:10 [WARNING ] piia — Rede HTTPSConnectionPool(host='www.angocasa.com', port=443): Max retries exceeded with url: /vivenda/v4/luanda/benfica-inclui-lar-do-patriota-/vender-vivenda-v4-no-benfica-luanda-/0185736/ (Caused by NameResolutionError("HTTPSConnection(host='www.angocasa.com', port=443): Failed to resolve 'www.angocasa.com' ([Errno 11001] getaddrinfo failed)")) | t1
2026-07-04 14:12:15 [WARNING ] piia — Rede HTTPSConnectionPool(host='www.angocasa.com', port=443): Max retries exceeded with url: /vivenda/v4/luanda/benfica-inclui-lar-do-patriota-/vender-vivenda-v4-no-benfica-luanda-/0185736/ (Caused by NameResolutionError("HTTPSConnection(host='www.angocasa.com', port=443): Failed to resolve 'www.angocasa.com' ([Errno 11001] getaddrinfo failed)")) | t2
2026-07-04 14:12:26 [WARNING ] piia — Rede HTTPSConnectionPool(host='www.angocasa.com', port=443): Max retries exceeded with url: /vivenda/v4/luanda/benfica-inclui-lar-do-patriota-/vender-vivenda-v4-no-benfica-luanda-/0185736/ (Caused by NameResolutionError("HTTPSConnection(host='www.angocasa.com', port=443): Failed to resolve 'www.angocasa.com' ([Errno 11001] getaddrinfo failed)")) | t3
2026-07-04 14:12:26 [ERROR   ] piia — Falha definitiva: https://www.angocasa.com/vivenda/v4/luanda/benfica-inclui-lar-do-patriota-/vender-vivenda-v4-no-benfica-luanda-/0185736/
2026-07-04 14:12:29 [WARNING ] piia — Rede HTTPSConnectionPool(host='www.angocasa.com', port=443): Max retries exceeded with url: /vivenda/v4/luanda/benfica-inclui-lar-do-patriota-/vender-vivenda-v4-no-patriota/0185733/ (Caused by NameResolutionError("HTTPSConnection(host='www.angocasa.com', port=443): Failed to resolve 'www.angocasa.com' ([Errno 11001] getaddrinfo failed)")) | t1
2026-07-04 14:12:34 [WARNING ] piia — Rede HTTPSConnectionPool(host='www.angocasa.com', port=443): Max retries exceeded with url: /vivenda/v4/luanda/benfica-inclui-lar-do-patriota-/vender-vivenda-v4-no-patriota/0185733/ (Caused by NameResolutionError("HTTPSConnection(host='www.angocasa.com', port=443): Failed to resolve 'www.angocasa.com' ([Errno 11001] getaddrinfo failed)")) | t2
2026-07-04 14:12:44 [WARNING ] piia — Rede HTTPSConnectionPool(host='www.angocasa.com', port=443): Max retries exceeded with url: /vivenda/v4/luanda/benfica-inclui-lar-do-patriota-/vender-vivenda-v4-no-patriota/0185733/ (Caused by NameResolutionError("HTTPSConnection(host='www.angocasa.com', port=443): Failed to resolve 'www.angocasa.com' ([Errno 11001] getaddrinfo failed)")) | t3
2026-07-04 14:12:44 [ERROR   ] piia — Falha definitiva: https://www.angocasa.com/vivenda/v4/luanda/benfica-inclui-lar-do-patriota-/vender-vivenda-v4-no-patriota/0185733/
2026-07-04 14:12:48 [WARNING ] piia — Rede HTTPSConnectionPool(host='www.angocasa.com', port=443): Max retries exceeded with url: /vivenda/v4/luanda/viana/vender-moradia-v4-no-km-44-na-sanzala-proximo-ao-novo-aeroporto-/0185714/ (Caused by NameResolutionError("HTTPSConnection(host='www.angocasa.com', port=443): Failed to resolve 'www.angocasa.com' ([Errno 11001] getaddrinfo failed)")) | t1
2026-07-04 14:12:53 [WARNING ] piia — Rede HTTPSConnectionPool(host='www.angocasa.com', port=443): Max retries exceeded with url: /vivenda/v4/luanda/viana/vender-moradia-v4-no-km-44-na-sanzala-proximo-ao-novo-aeroporto-/0185714/ (Caused by NameResolutionError("HTTPSConnection(host='www.angocasa.com', port=443): Failed to resolve 'www.angocasa.com' ([Errno 11001] getaddrinfo failed)")) | t2
2026-07-04 14:13:03 [WARNING ] piia — Rede HTTPSConnectionPool(host='www.angocasa.com', port=443): Max retries exceeded with url: /vivenda/v4/luanda/viana/vender-moradia-v4-no-km-44-na-sanzala-proximo-ao-novo-aeroporto-/0185714/ (Caused by NameResolutionError("HTTPSConnection(host='www.angocasa.com', port=443): Failed to resolve 'www.angocasa.com' ([Errno 11001] getaddrinfo failed)")) | t3
2026-07-04 14:13:03 [ERROR   ] piia — Falha definitiva: https://www.angocasa.com/vivenda/v4/luanda/viana/vender-moradia-v4-no-km-44-na-sanzala-proximo-ao-novo-aeroporto-/0185714/
2026-07-04 14:13:07 [WARNING ] piia — Rede HTTPSConnectionPool(host='www.angocasa.com', port=443): Max retries exceeded with url: /vivenda/luanda/benfica-inclui-lar-do-patriota-/vender-vivenda-v3-no-patriota-benfica-/0185705/ (Caused by NameResolutionError("HTTPSConnection(host='www.angocasa.com', port=443): Failed to resolve 'www.angocasa.com' ([Errno 11001] getaddrinfo failed)")) | t1
2026-07-04 14:13:12 [WARNING ] piia — Rede HTTPSConnectionPool(host='www.angocasa.com', port=443): Max retries exceeded with url: /vivenda/luanda/benfica-inclui-lar-do-patriota-/vender-vivenda-v3-no-patriota-benfica-/0185705/ (Caused by NameResolutionError("HTTPSConnection(host='www.angocasa.com', port=443): Failed to resolve 'www.angocasa.com' ([Errno 11001] getaddrinfo failed)")) | t2
2026-07-04 14:13:22 [WARNING ] piia — Rede HTTPSConnectionPool(host='www.angocasa.com', port=443): Max retries exceeded with url: /vivenda/luanda/benfica-inclui-lar-do-patriota-/vender-vivenda-v3-no-patriota-benfica-/0185705/ (Caused by NameResolutionError("HTTPSConnection(host='www.angocasa.com', port=443): Failed to resolve 'www.angocasa.com' ([Errno 11001] getaddrinfo failed)")) | t3
2026-07-04 14:13:22 [ERROR   ] piia — Falha definitiva: https://www.angocasa.com/vivenda/luanda/benfica-inclui-lar-do-patriota-/vender-vivenda-v3-no-patriota-benfica-/0185705/
2026-07-04 14:13:25 [WARNING ] piia — Rede HTTPSConnectionPool(host='www.angocasa.com', port=443): Max retries exceeded with url: /apartamento/t2/luanda/kinaxixi/vender-apartamento-t2-no-kinaxixi-/0185702/ (Caused by NameResolutionError("HTTPSConnection(host='www.angocasa.com', port=443): Failed to resolve 'www.angocasa.com' ([Errno 11001] getaddrinfo failed)")) | t1
2026-07-04 14:13:30 [WARNING ] piia — Rede HTTPSConnectionPool(host='www.angocasa.com', port=443): Max retries exceeded with url: /apartamento/t2/luanda/kinaxixi/vender-apartamento-t2-no-kinaxixi-/0185702/ (Caused by NameResolutionError("HTTPSConnection(host='www.angocasa.com', port=443): Failed to resolve 'www.angocasa.com' ([Errno 11001] getaddrinfo failed)")) | t2
2026-07-04 14:13:40 [WARNING ] piia — Rede HTTPSConnectionPool(host='www.angocasa.com', port=443): Max retries exceeded with url: /apartamento/t2/luanda/kinaxixi/vender-apartamento-t2-no-kinaxixi-/0185702/ (Caused by NameResolutionError("HTTPSConnection(host='www.angocasa.com', port=443): Failed to resolve 'www.angocasa.com' ([Errno 11001] getaddrinfo failed)")) | t3
2026-07-04 14:13:40 [ERROR   ] piia — Falha definitiva: https://www.angocasa.com/apartamento/t2/luanda/kinaxixi/vender-apartamento-t2-no-kinaxixi-/0185702/
2026-07-04 14:13:44 [WARNING ] piia — Rede HTTPSConnectionPool(host='www.angocasa.com', port=443): Max retries exceeded with url: /vivenda/v3/luanda/benfica-inclui-lar-do-patriota-/vender-vivenda-v3-1-inacabada-no-condominio-atlantico-city-benfica/0185699/ (Caused by NameResolutionError("HTTPSConnection(host='www.angocasa.com', port=443): Failed to resolve 'www.angocasa.com' ([Errno 11001] getaddrinfo failed)")) | t1
2026-07-04 14:13:49 [WARNING ] piia — Rede HTTPSConnectionPool(host='www.angocasa.com', port=443): Max retries exceeded with url: /vivenda/v3/luanda/benfica-inclui-lar-do-patriota-/vender-vivenda-v3-1-inacabada-no-condominio-atlantico-city-benfica/0185699/ (Caused by NameResolutionError("HTTPSConnection(host='www.angocasa.com', port=443): Failed to resolve 'www.angocasa.com' ([Errno 11001] getaddrinfo failed)")) | t2
2026-07-04 14:13:59 [WARNING ] piia — Rede HTTPSConnectionPool(host='www.angocasa.com', port=443): Max retries exceeded with url: /vivenda/v3/luanda/benfica-inclui-lar-do-patriota-/vender-vivenda-v3-1-inacabada-no-condominio-atlantico-city-benfica/0185699/ (Caused by NameResolutionError("HTTPSConnection(host='www.angocasa.com', port=443): Failed to resolve 'www.angocasa.com' ([Errno 11001] getaddrinfo failed)")) | t3
2026-07-04 14:13:59 [ERROR   ] piia — Falha definitiva: https://www.angocasa.com/vivenda/v3/luanda/benfica-inclui-lar-do-patriota-/vender-vivenda-v3-1-inacabada-no-condominio-atlantico-city-benfica/0185699/
2026-07-04 14:14:02 [WARNING ] piia — Rede HTTPSConnectionPool(host='www.angocasa.com', port=443): Max retries exceeded with url: /vivenda/v3/luanda/benfica-inclui-lar-do-patriota-/vender-vivenda-v3-1-no-condominio-atlantico-city-benfica/0185698/ (Caused by NameResolutionError("HTTPSConnection(host='www.angocasa.com', port=443): Failed to resolve 'www.angocasa.com' ([Errno 11001] getaddrinfo failed)")) | t1
2026-07-04 14:14:07 [WARNING ] piia — Rede HTTPSConnectionPool(host='www.angocasa.com', port=443): Max retries exceeded with url: /vivenda/v3/luanda/benfica-inclui-lar-do-patriota-/vender-vivenda-v3-1-no-condominio-atlantico-city-benfica/0185698/ (Caused by NameResolutionError("HTTPSConnection(host='www.angocasa.com', port=443): Failed to resolve 'www.angocasa.com' ([Errno 11001] getaddrinfo failed)")) | t2
2026-07-04 14:14:17 [WARNING ] piia — Rede HTTPSConnectionPool(host='www.angocasa.com', port=443): Max retries exceeded with url: /vivenda/v3/luanda/benfica-inclui-lar-do-patriota-/vender-vivenda-v3-1-no-condominio-atlantico-city-benfica/0185698/ (Caused by NameResolutionError("HTTPSConnection(host='www.angocasa.com', port=443): Failed to resolve 'www.angocasa.com' ([Errno 11001] getaddrinfo failed)")) | t3
2026-07-04 14:14:17 [ERROR   ] piia — Falha definitiva: https://www.angocasa.com/vivenda/v3/luanda/benfica-inclui-lar-do-patriota-/vender-vivenda-v3-1-no-condominio-atlantico-city-benfica/0185698/
2026-07-04 14:14:20 [WARNING ] piia — Rede HTTPSConnectionPool(host='www.angocasa.com', port=443): Max retries exceeded with url: /vivenda/v3/luanda/benfica-inclui-lar-do-patriota-/vender-vivenda-v3-1-inacabada-no-condominio-atlantico-city-benfica-/0185697/ (Caused by NameResolutionError("HTTPSConnection(host='www.angocasa.com', port=443): Failed to resolve 'www.angocasa.com' ([Errno 11001] getaddrinfo failed)")) | t1
2026-07-04 14:14:25 [WARNING ] piia — Rede HTTPSConnectionPool(host='www.angocasa.com', port=443): Max retries exceeded with url: /vivenda/v3/luanda/benfica-inclui-lar-do-patriota-/vender-vivenda-v3-1-inacabada-no-condominio-atlantico-city-benfica-/0185697/ (Caused by NameResolutionError("HTTPSConnection(host='www.angocasa.com', port=443): Failed to resolve 'www.angocasa.com' ([Errno 11001] getaddrinfo failed)")) | t2
2026-07-04 14:14:35 [WARNING ] piia — Rede HTTPSConnectionPool(host='www.angocasa.com', port=443): Max retries exceeded with url: /vivenda/v3/luanda/benfica-inclui-lar-do-patriota-/vender-vivenda-v3-1-inacabada-no-condominio-atlantico-city-benfica-/0185697/ (Caused by NameResolutionError("HTTPSConnection(host='www.angocasa.com', port=443): Failed to resolve 'www.angocasa.com' ([Errno 11001] getaddrinfo failed)")) | t3
2026-07-04 14:14:35 [ERROR   ] piia — Falha definitiva: https://www.angocasa.com/vivenda/v3/luanda/benfica-inclui-lar-do-patriota-/vender-vivenda-v3-1-inacabada-no-condominio-atlantico-city-benfica-/0185697/
2026-07-04 14:14:38 [WARNING ] piia — Rede HTTPSConnectionPool(host='www.angocasa.com', port=443): Max retries exceeded with url: /vivenda/v3/luanda/benfica-inclui-lar-do-patriota-/vender-vivenda-v3-1-no-condominio-atlantico-city-benfica/0185696/ (Caused by NameResolutionError("HTTPSConnection(host='www.angocasa.com', port=443): Failed to resolve 'www.angocasa.com' ([Errno 11001] getaddrinfo failed)")) | t1
2026-07-04 14:14:43 [WARNING ] piia — Rede HTTPSConnectionPool(host='www.angocasa.com', port=443): Max retries exceeded with url: /vivenda/v3/luanda/benfica-inclui-lar-do-patriota-/vender-vivenda-v3-1-no-condominio-atlantico-city-benfica/0185696/ (Caused by NameResolutionError("HTTPSConnection(host='www.angocasa.com', port=443): Failed to resolve 'www.angocasa.com' ([Errno 11001] getaddrinfo failed)")) | t2
2026-07-04 14:14:53 [WARNING ] piia — Rede HTTPSConnectionPool(host='www.angocasa.com', port=443): Max retries exceeded with url: /vivenda/v3/luanda/benfica-inclui-lar-do-patriota-/vender-vivenda-v3-1-no-condominio-atlantico-city-benfica/0185696/ (Caused by NameResolutionError("HTTPSConnection(host='www.angocasa.com', port=443): Failed to resolve 'www.angocasa.com' ([Errno 11001] getaddrinfo failed)")) | t3
2026-07-04 14:14:53 [ERROR   ] piia — Falha definitiva: https://www.angocasa.com/vivenda/v3/luanda/benfica-inclui-lar-do-patriota-/vender-vivenda-v3-1-no-condominio-atlantico-city-benfica/0185696/
2026-07-04 14:14:56 [WARNING ] piia — Rede HTTPSConnectionPool(host='www.angocasa.com', port=443): Max retries exceeded with url: /armazem/luanda/morro-bento/vender-armazem-de-2.250-m-no-morro-bento/0185685/ (Caused by NameResolutionError("HTTPSConnection(host='www.angocasa.com', port=443): Failed to resolve 'www.angocasa.com' ([Errno 11001] getaddrinfo failed)")) | t1
2026-07-04 14:15:01 [WARNING ] piia — Rede HTTPSConnectionPool(host='www.angocasa.com', port=443): Max retries exceeded with url: /armazem/luanda/morro-bento/vender-armazem-de-2.250-m-no-morro-bento/0185685/ (Caused by NameResolutionError("HTTPSConnection(host='www.angocasa.com', port=443): Failed to resolve 'www.angocasa.com' ([Errno 11001] getaddrinfo failed)")) | t2
2026-07-04 14:15:11 [WARNING ] piia — Rede HTTPSConnectionPool(host='www.angocasa.com', port=443): Max retries exceeded with url: /armazem/luanda/morro-bento/vender-armazem-de-2.250-m-no-morro-bento/0185685/ (Caused by NameResolutionError("HTTPSConnection(host='www.angocasa.com', port=443): Failed to resolve 'www.angocasa.com' ([Errno 11001] getaddrinfo failed)")) | t3
2026-07-04 14:15:11 [ERROR   ] piia — Falha definitiva: https://www.angocasa.com/armazem/luanda/morro-bento/vender-armazem-de-2.250-m-no-morro-bento/0185685/
2026-07-04 14:15:16 [WARNING ] piia — Rede HTTPSConnectionPool(host='www.angocasa.com', port=443): Max retries exceeded with url: /vivenda/v4/luanda/talatona/vender-vivenda-v4-mobilada-no-condominio-horizonte-recife-talatona/0185679/ (Caused by NameResolutionError("HTTPSConnection(host='www.angocasa.com', port=443): Failed to resolve 'www.angocasa.com' ([Errno 11001] getaddrinfo failed)")) | t1
2026-07-04 14:15:21 [WARNING ] piia — Rede HTTPSConnectionPool(host='www.angocasa.com', port=443): Max retries exceeded with url: /vivenda/v4/luanda/talatona/vender-vivenda-v4-mobilada-no-condominio-horizonte-recife-talatona/0185679/ (Caused by NameResolutionError("HTTPSConnection(host='www.angocasa.com', port=443): Failed to resolve 'www.angocasa.com' ([Errno 11001] getaddrinfo failed)")) | t2
2026-07-04 14:15:31 [WARNING ] piia — Rede HTTPSConnectionPool(host='www.angocasa.com', port=443): Max retries exceeded with url: /vivenda/v4/luanda/talatona/vender-vivenda-v4-mobilada-no-condominio-horizonte-recife-talatona/0185679/ (Caused by NameResolutionError("HTTPSConnection(host='www.angocasa.com', port=443): Failed to resolve 'www.angocasa.com' ([Errno 11001] getaddrinfo failed)")) | t3
2026-07-04 14:15:31 [ERROR   ] piia — Falha definitiva: https://www.angocasa.com/vivenda/v4/luanda/talatona/vender-vivenda-v4-mobilada-no-condominio-horizonte-recife-talatona/0185679/
2026-07-04 14:15:37 [WARNING ] piia — Rede HTTPSConnectionPool(host='www.angocasa.com', port=443): Max retries exceeded with url: /vivenda/v4/luanda/benfica-inclui-lar-do-patriota-/vender-vivenda-v4-anexo-na-urbanizacao-lar-do-patriota-2-fase-/0185672/ (Caused by NameResolutionError("HTTPSConnection(host='www.angocasa.com', port=443): Failed to resolve 'www.angocasa.com' ([Errno 11001] getaddrinfo failed)")) | t1
2026-07-04 14:15:42 [WARNING ] piia — Rede HTTPSConnectionPool(host='www.angocasa.com', port=443): Max retries exceeded with url: /vivenda/v4/luanda/benfica-inclui-lar-do-patriota-/vender-vivenda-v4-anexo-na-urbanizacao-lar-do-patriota-2-fase-/0185672/ (Caused by NameResolutionError("HTTPSConnection(host='www.angocasa.com', port=443): Failed to resolve 'www.angocasa.com' ([Errno 11001] getaddrinfo failed)")) | t2
2026-07-04 14:15:52 [WARNING ] piia — Rede HTTPSConnectionPool(host='www.angocasa.com', port=443): Max retries exceeded with url: /vivenda/v4/luanda/benfica-inclui-lar-do-patriota-/vender-vivenda-v4-anexo-na-urbanizacao-lar-do-patriota-2-fase-/0185672/ (Caused by NameResolutionError("HTTPSConnection(host='www.angocasa.com', port=443): Failed to resolve 'www.angocasa.com' ([Errno 11001] getaddrinfo failed)")) | t3
2026-07-04 14:15:52 [ERROR   ] piia — Falha definitiva: https://www.angocasa.com/vivenda/v4/luanda/benfica-inclui-lar-do-patriota-/vender-vivenda-v4-anexo-na-urbanizacao-lar-do-patriota-2-fase-/0185672/
2026-07-04 14:15:56 [WARNING ] piia — Rede HTTPSConnectionPool(host='www.angocasa.com', port=443): Max retries exceeded with url: /apartamento/t3/luanda/ilha-do-cabo/vender-apartamento-t3-no-edificio-luanda-bay-18-ilha-do-cabo/0185668/ (Caused by NameResolutionError("HTTPSConnection(host='www.angocasa.com', port=443): Failed to resolve 'www.angocasa.com' ([Errno 11001] getaddrinfo failed)")) | t1
2026-07-04 14:16:01 [WARNING ] piia — Rede HTTPSConnectionPool(host='www.angocasa.com', port=443): Max retries exceeded with url: /apartamento/t3/luanda/ilha-do-cabo/vender-apartamento-t3-no-edificio-luanda-bay-18-ilha-do-cabo/0185668/ (Caused by NameResolutionError("HTTPSConnection(host='www.angocasa.com', port=443): Failed to resolve 'www.angocasa.com' ([Errno 11001] getaddrinfo failed)")) | t2
2026-07-04 14:16:11 [WARNING ] piia — Rede HTTPSConnectionPool(host='www.angocasa.com', port=443): Max retries exceeded with url: /apartamento/t3/luanda/ilha-do-cabo/vender-apartamento-t3-no-edificio-luanda-bay-18-ilha-do-cabo/0185668/ (Caused by NameResolutionError("HTTPSConnection(host='www.angocasa.com', port=443): Failed to resolve 'www.angocasa.com' ([Errno 11001] getaddrinfo failed)")) | t3
2026-07-04 14:16:11 [ERROR   ] piia — Falha definitiva: https://www.angocasa.com/apartamento/t3/luanda/ilha-do-cabo/vender-apartamento-t3-no-edificio-luanda-bay-18-ilha-do-cabo/0185668/
2026-07-04 14:16:14 [WARNING ] piia — Rede HTTPSConnectionPool(host='www.angocasa.com', port=443): Max retries exceeded with url: /apartamento/t3/luanda/futungo-de-belas/vender-apartamento-t3-no-condominio-rosalinda-futungo-de-belas-/0185666/ (Caused by NameResolutionError("HTTPSConnection(host='www.angocasa.com', port=443): Failed to resolve 'www.angocasa.com' ([Errno 11001] getaddrinfo failed)")) | t1
2026-07-04 14:16:19 [WARNING ] piia — Rede HTTPSConnectionPool(host='www.angocasa.com', port=443): Max retries exceeded with url: /apartamento/t3/luanda/futungo-de-belas/vender-apartamento-t3-no-condominio-rosalinda-futungo-de-belas-/0185666/ (Caused by NameResolutionError("HTTPSConnection(host='www.angocasa.com', port=443): Failed to resolve 'www.angocasa.com' ([Errno 11001] getaddrinfo failed)")) | t2
2026-07-04 14:16:29 [WARNING ] piia — Rede HTTPSConnectionPool(host='www.angocasa.com', port=443): Max retries exceeded with url: /apartamento/t3/luanda/futungo-de-belas/vender-apartamento-t3-no-condominio-rosalinda-futungo-de-belas-/0185666/ (Caused by NameResolutionError("HTTPSConnection(host='www.angocasa.com', port=443): Failed to resolve 'www.angocasa.com' ([Errno 11001] getaddrinfo failed)")) | t3
2026-07-04 14:16:29 [ERROR   ] piia — Falha definitiva: https://www.angocasa.com/apartamento/t3/luanda/futungo-de-belas/vender-apartamento-t3-no-condominio-rosalinda-futungo-de-belas-/0185666/
2026-07-04 14:16:34 [WARNING ] piia — Rede HTTPSConnectionPool(host='www.angocasa.com', port=443): Max retries exceeded with url: /vivenda/v3/luanda/nova-vida-golfe/vender-vivenda-v3-1-no-nova-vida-/185663/ (Caused by NameResolutionError("HTTPSConnection(host='www.angocasa.com', port=443): Failed to resolve 'www.angocasa.com' ([Errno 11001] getaddrinfo failed)")) | t1
2026-07-04 14:16:39 [WARNING ] piia — Rede HTTPSConnectionPool(host='www.angocasa.com', port=443): Max retries exceeded with url: /vivenda/v3/luanda/nova-vida-golfe/vender-vivenda-v3-1-no-nova-vida-/185663/ (Caused by NameResolutionError("HTTPSConnection(host='www.angocasa.com', port=443): Failed to resolve 'www.angocasa.com' ([Errno 11001] getaddrinfo failed)")) | t2
2026-07-04 14:16:50 [WARNING ] piia — Rede HTTPSConnectionPool(host='www.angocasa.com', port=443): Max retries exceeded with url: /vivenda/v3/luanda/nova-vida-golfe/vender-vivenda-v3-1-no-nova-vida-/185663/ (Caused by NameResolutionError("HTTPSConnection(host='www.angocasa.com', port=443): Failed to resolve 'www.angocasa.com' ([Errno 11001] getaddrinfo failed)")) | t3
2026-07-04 14:16:50 [ERROR   ] piia — Falha definitiva: https://www.angocasa.com/vivenda/v3/luanda/nova-vida-golfe/vender-vivenda-v3-1-no-nova-vida-/185663/
2026-07-04 14:16:54 [WARNING ] piia — Rede HTTPSConnectionPool(host='www.angocasa.com', port=443): Max retries exceeded with url: /apartamento/t3/luanda/ingombota/vender-apartamento-t3-no-edificio-torre-ambiente-ingombota-/0185658/ (Caused by NameResolutionError("HTTPSConnection(host='www.angocasa.com', port=443): Failed to resolve 'www.angocasa.com' ([Errno 11001] getaddrinfo failed)")) | t1
2026-07-04 14:16:59 [WARNING ] piia — Rede HTTPSConnectionPool(host='www.angocasa.com', port=443): Max retries exceeded with url: /apartamento/t3/luanda/ingombota/vender-apartamento-t3-no-edificio-torre-ambiente-ingombota-/0185658/ (Caused by NameResolutionError("HTTPSConnection(host='www.angocasa.com', port=443): Failed to resolve 'www.angocasa.com' ([Errno 11001] getaddrinfo failed)")) | t2
2026-07-04 14:17:09 [WARNING ] piia — Rede HTTPSConnectionPool(host='www.angocasa.com', port=443): Max retries exceeded with url: /apartamento/t3/luanda/ingombota/vender-apartamento-t3-no-edificio-torre-ambiente-ingombota-/0185658/ (Caused by NameResolutionError("HTTPSConnection(host='www.angocasa.com', port=443): Failed to resolve 'www.angocasa.com' ([Errno 11001] getaddrinfo failed)")) | t3
2026-07-04 14:17:09 [ERROR   ] piia — Falha definitiva: https://www.angocasa.com/apartamento/t3/luanda/ingombota/vender-apartamento-t3-no-edificio-torre-ambiente-ingombota-/0185658/
2026-07-04 14:17:12 [WARNING ] piia — Rede HTTPSConnectionPool(host='www.angocasa.com', port=443): Max retries exceeded with url: /vivenda/v3/luanda/camama/vender-vivenda-v3-duplex-no-condominio-nosso-zimbo-camama/0185657/ (Caused by NameResolutionError("HTTPSConnection(host='www.angocasa.com', port=443): Failed to resolve 'www.angocasa.com' ([Errno 11001] getaddrinfo failed)")) | t1
2026-07-04 14:17:18 [WARNING ] piia — Rede HTTPSConnectionPool(host='www.angocasa.com', port=443): Max retries exceeded with url: /vivenda/v3/luanda/camama/vender-vivenda-v3-duplex-no-condominio-nosso-zimbo-camama/0185657/ (Caused by NameResolutionError("HTTPSConnection(host='www.angocasa.com', port=443): Failed to resolve 'www.angocasa.com' ([Errno 11001] getaddrinfo failed)")) | t2
2026-07-04 14:17:28 [WARNING ] piia — Rede HTTPSConnectionPool(host='www.angocasa.com', port=443): Max retries exceeded with url: /vivenda/v3/luanda/camama/vender-vivenda-v3-duplex-no-condominio-nosso-zimbo-camama/0185657/ (Caused by NameResolutionError("HTTPSConnection(host='www.angocasa.com', port=443): Failed to resolve 'www.angocasa.com' ([Errno 11001] getaddrinfo failed)")) | t3
2026-07-04 14:17:28 [ERROR   ] piia — Falha definitiva: https://www.angocasa.com/vivenda/v3/luanda/camama/vender-vivenda-v3-duplex-no-condominio-nosso-zimbo-camama/0185657/
2026-07-04 14:17:32 [WARNING ] piia — Rede HTTPSConnectionPool(host='www.angocasa.com', port=443): Max retries exceeded with url: /vivenda/v4/luanda/benfica-inclui-lar-do-patriota-/vender-vivenda-v4-no-patriota-/0185656/ (Caused by NameResolutionError("HTTPSConnection(host='www.angocasa.com', port=443): Failed to resolve 'www.angocasa.com' ([Errno 11001] getaddrinfo failed)")) | t1
2026-07-04 14:17:37 [WARNING ] piia — Rede HTTPSConnectionPool(host='www.angocasa.com', port=443): Max retries exceeded with url: /vivenda/v4/luanda/benfica-inclui-lar-do-patriota-/vender-vivenda-v4-no-patriota-/0185656/ (Caused by NameResolutionError("HTTPSConnection(host='www.angocasa.com', port=443): Failed to resolve 'www.angocasa.com' ([Errno 11001] getaddrinfo failed)")) | t2
2026-07-04 14:17:47 [WARNING ] piia — Rede HTTPSConnectionPool(host='www.angocasa.com', port=443): Max retries exceeded with url: /vivenda/v4/luanda/benfica-inclui-lar-do-patriota-/vender-vivenda-v4-no-patriota-/0185656/ (Caused by NameResolutionError("HTTPSConnection(host='www.angocasa.com', port=443): Failed to resolve 'www.angocasa.com' ([Errno 11001] getaddrinfo failed)")) | t3
2026-07-04 14:17:47 [ERROR   ] piia — Falha definitiva: https://www.angocasa.com/vivenda/v4/luanda/benfica-inclui-lar-do-patriota-/vender-vivenda-v4-no-patriota-/0185656/
2026-07-04 14:17:50 [WARNING ] piia — Rede HTTPSConnectionPool(host='www.angocasa.com', port=443): Max retries exceeded with url: /vivenda/v5/luanda/talatona/vender-vivenda-v5-1-duplex-no-condominio-roya-park-talatona/0185638/ (Caused by NameResolutionError("HTTPSConnection(host='www.angocasa.com', port=443): Failed to resolve 'www.angocasa.com' ([Errno 11001] getaddrinfo failed)")) | t1
2026-07-04 14:17:55 [WARNING ] piia — Rede HTTPSConnectionPool(host='www.angocasa.com', port=443): Max retries exceeded with url: /vivenda/v5/luanda/talatona/vender-vivenda-v5-1-duplex-no-condominio-roya-park-talatona/0185638/ (Caused by NameResolutionError("HTTPSConnection(host='www.angocasa.com', port=443): Failed to resolve 'www.angocasa.com' ([Errno 11001] getaddrinfo failed)")) | t2
2026-07-04 14:18:05 [WARNING ] piia — Rede HTTPSConnectionPool(host='www.angocasa.com', port=443): Max retries exceeded with url: /vivenda/v5/luanda/talatona/vender-vivenda-v5-1-duplex-no-condominio-roya-park-talatona/0185638/ (Caused by NameResolutionError("HTTPSConnection(host='www.angocasa.com', port=443): Failed to resolve 'www.angocasa.com' ([Errno 11001] getaddrinfo failed)")) | t3
2026-07-04 14:18:05 [ERROR   ] piia — Falha definitiva: https://www.angocasa.com/vivenda/v5/luanda/talatona/vender-vivenda-v5-1-duplex-no-condominio-roya-park-talatona/0185638/
2026-07-04 14:18:10 [WARNING ] piia — Rede HTTPSConnectionPool(host='www.angocasa.com', port=443): Max retries exceeded with url: /vivenda/v3/luanda/talatona/vender-vivenda-v3-duplex-no-condominio-boa-vida-benfica/0185636/ (Caused by NameResolutionError("HTTPSConnection(host='www.angocasa.com', port=443): Failed to resolve 'www.angocasa.com' ([Errno 11001] getaddrinfo failed)")) | t1
2026-07-04 14:18:15 [WARNING ] piia — Rede HTTPSConnectionPool(host='www.angocasa.com', port=443): Max retries exceeded with url: /vivenda/v3/luanda/talatona/vender-vivenda-v3-duplex-no-condominio-boa-vida-benfica/0185636/ (Caused by NameResolutionError("HTTPSConnection(host='www.angocasa.com', port=443): Failed to resolve 'www.angocasa.com' ([Errno 11001] getaddrinfo failed)")) | t2
2026-07-04 14:18:25 [WARNING ] piia — Rede HTTPSConnectionPool(host='www.angocasa.com', port=443): Max retries exceeded with url: /vivenda/v3/luanda/talatona/vender-vivenda-v3-duplex-no-condominio-boa-vida-benfica/0185636/ (Caused by NameResolutionError("HTTPSConnection(host='www.angocasa.com', port=443): Failed to resolve 'www.angocasa.com' ([Errno 11001] getaddrinfo failed)")) | t3
2026-07-04 14:18:25 [ERROR   ] piia — Falha definitiva: https://www.angocasa.com/vivenda/v3/luanda/talatona/vender-vivenda-v3-duplex-no-condominio-boa-vida-benfica/0185636/
2026-07-04 14:18:30 [WARNING ] piia — Rede HTTPSConnectionPool(host='www.angocasa.com', port=443): Max retries exceeded with url: /vivenda/v4/luanda/benfica-inclui-lar-do-patriota-/vender.-vivenda-v4-anexo-no-lar-do-patriota-/0185635/ (Caused by NameResolutionError("HTTPSConnection(host='www.angocasa.com', port=443): Failed to resolve 'www.angocasa.com' ([Errno 11001] getaddrinfo failed)")) | t1
2026-07-04 14:18:35 [WARNING ] piia — Rede HTTPSConnectionPool(host='www.angocasa.com', port=443): Max retries exceeded with url: /vivenda/v4/luanda/benfica-inclui-lar-do-patriota-/vender.-vivenda-v4-anexo-no-lar-do-patriota-/0185635/ (Caused by NameResolutionError("HTTPSConnection(host='www.angocasa.com', port=443): Failed to resolve 'www.angocasa.com' ([Errno 11001] getaddrinfo failed)")) | t2
2026-07-04 14:18:45 [WARNING ] piia — Rede HTTPSConnectionPool(host='www.angocasa.com', port=443): Max retries exceeded with url: /vivenda/v4/luanda/benfica-inclui-lar-do-patriota-/vender.-vivenda-v4-anexo-no-lar-do-patriota-/0185635/ (Caused by NameResolutionError("HTTPSConnection(host='www.angocasa.com', port=443): Failed to resolve 'www.angocasa.com' ([Errno 11001] getaddrinfo failed)")) | t3
2026-07-04 14:18:45 [ERROR   ] piia — Falha definitiva: https://www.angocasa.com/vivenda/v4/luanda/benfica-inclui-lar-do-patriota-/vender.-vivenda-v4-anexo-no-lar-do-patriota-/0185635/
2026-07-04 14:18:50 [WARNING ] piia — Rede HTTPSConnectionPool(host='www.angocasa.com', port=443): Max retries exceeded with url: /vivenda/v3/luanda/benfica-inclui-lar-do-patriota-/vender-vivenda-v3-1-no-patriota-benfica/0185633/ (Caused by NameResolutionError("HTTPSConnection(host='www.angocasa.com', port=443): Failed to resolve 'www.angocasa.com' ([Errno 11001] getaddrinfo failed)")) | t1
2026-07-04 14:18:56 [WARNING ] piia — Rede HTTPSConnectionPool(host='www.angocasa.com', port=443): Max retries exceeded with url: /vivenda/v3/luanda/benfica-inclui-lar-do-patriota-/vender-vivenda-v3-1-no-patriota-benfica/0185633/ (Caused by NameResolutionError("HTTPSConnection(host='www.angocasa.com', port=443): Failed to resolve 'www.angocasa.com' ([Errno 11001] getaddrinfo failed)")) | t2
2026-07-04 14:19:06 [WARNING ] piia — Rede HTTPSConnectionPool(host='www.angocasa.com', port=443): Max retries exceeded with url: /vivenda/v3/luanda/benfica-inclui-lar-do-patriota-/vender-vivenda-v3-1-no-patriota-benfica/0185633/ (Caused by NameResolutionError("HTTPSConnection(host='www.angocasa.com', port=443): Failed to resolve 'www.angocasa.com' ([Errno 11001] getaddrinfo failed)")) | t3
2026-07-04 14:19:06 [ERROR   ] piia — Falha definitiva: https://www.angocasa.com/vivenda/v3/luanda/benfica-inclui-lar-do-patriota-/vender-vivenda-v3-1-no-patriota-benfica/0185633/
2026-07-04 14:19:12 [WARNING ] piia — Rede HTTPSConnectionPool(host='www.angocasa.com', port=443): Max retries exceeded with url: /apartamento/t2/luanda/talatona/vender-apartamento-t2-duplex-no-condominio-belas-business-park-talatona/0185632/ (Caused by NameResolutionError("HTTPSConnection(host='www.angocasa.com', port=443): Failed to resolve 'www.angocasa.com' ([Errno 11001] getaddrinfo failed)")) | t1
2026-07-04 14:19:17 [WARNING ] piia — Rede HTTPSConnectionPool(host='www.angocasa.com', port=443): Max retries exceeded with url: /apartamento/t2/luanda/talatona/vender-apartamento-t2-duplex-no-condominio-belas-business-park-talatona/0185632/ (Caused by NameResolutionError("HTTPSConnection(host='www.angocasa.com', port=443): Failed to resolve 'www.angocasa.com' ([Errno 11001] getaddrinfo failed)")) | t2
2026-07-04 14:19:27 [WARNING ] piia — Rede HTTPSConnectionPool(host='www.angocasa.com', port=443): Max retries exceeded with url: /apartamento/t2/luanda/talatona/vender-apartamento-t2-duplex-no-condominio-belas-business-park-talatona/0185632/ (Caused by NameResolutionError("HTTPSConnection(host='www.angocasa.com', port=443): Failed to resolve 'www.angocasa.com' ([Errno 11001] getaddrinfo failed)")) | t3
2026-07-04 14:19:27 [ERROR   ] piia — Falha definitiva: https://www.angocasa.com/apartamento/t2/luanda/talatona/vender-apartamento-t2-duplex-no-condominio-belas-business-park-talatona/0185632/
2026-07-04 14:19:31 [WARNING ] piia — Rede HTTPSConnectionPool(host='www.angocasa.com', port=443): Max retries exceeded with url: /terreno/luanda/benfica-inclui-lar-do-patriota-/vender-terreno-de-20x30-no-kifica-benfica/0185621/ (Caused by NameResolutionError("HTTPSConnection(host='www.angocasa.com', port=443): Failed to resolve 'www.angocasa.com' ([Errno 11001] getaddrinfo failed)")) | t1
2026-07-04 14:19:36 [WARNING ] piia — Rede HTTPSConnectionPool(host='www.angocasa.com', port=443): Max retries exceeded with url: /terreno/luanda/benfica-inclui-lar-do-patriota-/vender-terreno-de-20x30-no-kifica-benfica/0185621/ (Caused by NameResolutionError("HTTPSConnection(host='www.angocasa.com', port=443): Failed to resolve 'www.angocasa.com' ([Errno 11001] getaddrinfo failed)")) | t2
2026-07-04 14:19:46 [WARNING ] piia — Rede HTTPSConnectionPool(host='www.angocasa.com', port=443): Max retries exceeded with url: /terreno/luanda/benfica-inclui-lar-do-patriota-/vender-terreno-de-20x30-no-kifica-benfica/0185621/ (Caused by NameResolutionError("HTTPSConnection(host='www.angocasa.com', port=443): Failed to resolve 'www.angocasa.com' ([Errno 11001] getaddrinfo failed)")) | t3
2026-07-04 14:19:46 [ERROR   ] piia — Falha definitiva: https://www.angocasa.com/terreno/luanda/benfica-inclui-lar-do-patriota-/vender-terreno-de-20x30-no-kifica-benfica/0185621/
2026-07-04 14:19:51 [WARNING ] piia — Rede HTTPSConnectionPool(host='www.angocasa.com', port=443): Max retries exceeded with url: /apartamento/t5/luanda/kilamba/vender-apartamento-t5-na-centralidade-do-kilamba/0185619/ (Caused by NameResolutionError("HTTPSConnection(host='www.angocasa.com', port=443): Failed to resolve 'www.angocasa.com' ([Errno 11001] getaddrinfo failed)")) | t1
2026-07-04 14:19:56 [WARNING ] piia — Rede HTTPSConnectionPool(host='www.angocasa.com', port=443): Max retries exceeded with url: /apartamento/t5/luanda/kilamba/vender-apartamento-t5-na-centralidade-do-kilamba/0185619/ (Caused by NameResolutionError("HTTPSConnection(host='www.angocasa.com', port=443): Failed to resolve 'www.angocasa.com' ([Errno 11001] getaddrinfo failed)")) | t2
2026-07-04 14:20:06 [WARNING ] piia — Rede HTTPSConnectionPool(host='www.angocasa.com', port=443): Max retries exceeded with url: /apartamento/t5/luanda/kilamba/vender-apartamento-t5-na-centralidade-do-kilamba/0185619/ (Caused by NameResolutionError("HTTPSConnection(host='www.angocasa.com', port=443): Failed to resolve 'www.angocasa.com' ([Errno 11001] getaddrinfo failed)")) | t3
2026-07-04 14:20:06 [ERROR   ] piia — Falha definitiva: https://www.angocasa.com/apartamento/t5/luanda/kilamba/vender-apartamento-t5-na-centralidade-do-kilamba/0185619/
2026-07-04 14:20:10 [WARNING ] piia — Rede HTTPSConnectionPool(host='www.angocasa.com', port=443): Max retries exceeded with url: /escritorio/luanda/alvalade/vender-escritorio-com-450-m-no-edificio-solar-do-alvalade/0185611/ (Caused by NameResolutionError("HTTPSConnection(host='www.angocasa.com', port=443): Failed to resolve 'www.angocasa.com' ([Errno 11001] getaddrinfo failed)")) | t1
2026-07-04 14:20:15 [WARNING ] piia — Rede HTTPSConnectionPool(host='www.angocasa.com', port=443): Max retries exceeded with url: /escritorio/luanda/alvalade/vender-escritorio-com-450-m-no-edificio-solar-do-alvalade/0185611/ (Caused by NameResolutionError("HTTPSConnection(host='www.angocasa.com', port=443): Failed to resolve 'www.angocasa.com' ([Errno 11001] getaddrinfo failed)")) | t2
2026-07-04 14:20:25 [WARNING ] piia — Rede HTTPSConnectionPool(host='www.angocasa.com', port=443): Max retries exceeded with url: /escritorio/luanda/alvalade/vender-escritorio-com-450-m-no-edificio-solar-do-alvalade/0185611/ (Caused by NameResolutionError("HTTPSConnection(host='www.angocasa.com', port=443): Failed to resolve 'www.angocasa.com' ([Errno 11001] getaddrinfo failed)")) | t3
2026-07-04 14:20:25 [ERROR   ] piia — Falha definitiva: https://www.angocasa.com/escritorio/luanda/alvalade/vender-escritorio-com-450-m-no-edificio-solar-do-alvalade/0185611/
2026-07-04 14:20:25 [INFO    ] piia —     Pág 51: 0 anúncios extraídos (total acum.: 838)
2026-07-04 14:20:31 [WARNING ] piia — Rede HTTPSConnectionPool(host='www.angocasa.com', port=443): Max retries exceeded with url: /anuncios/venda/angola-luanda/mostrar-50/pagina-52/ordenar-normal/ (Caused by NameResolutionError("HTTPSConnection(host='www.angocasa.com', port=443): Failed to resolve 'www.angocasa.com' ([Errno 11001] getaddrinfo failed)")) | t1
2026-07-04 14:20:36 [WARNING ] piia — Rede HTTPSConnectionPool(host='www.angocasa.com', port=443): Max retries exceeded with url: /anuncios/venda/angola-luanda/mostrar-50/pagina-52/ordenar-normal/ (Caused by NameResolutionError("HTTPSConnection(host='www.angocasa.com', port=443): Failed to resolve 'www.angocasa.com' ([Errno 11001] getaddrinfo failed)")) | t2
2026-07-04 14:20:46 [WARNING ] piia — Rede HTTPSConnectionPool(host='www.angocasa.com', port=443): Max retries exceeded with url: /anuncios/venda/angola-luanda/mostrar-50/pagina-52/ordenar-normal/ (Caused by NameResolutionError("HTTPSConnection(host='www.angocasa.com', port=443): Failed to resolve 'www.angocasa.com' ([Errno 11001] getaddrinfo failed)")) | t3
2026-07-04 14:20:46 [ERROR   ] piia — Falha definitiva: https://www.angocasa.com/anuncios/venda/angola-luanda/mostrar-50/pagina-52/ordenar-normal/
2026-07-04 14:20:46 [WARNING ] piia —     Sem resposta na pág 52 — parar coleta.
2026-07-04 14:20:46 [INFO    ] piia —   ✔ Luanda geral/compra: 838 anúncios | completa=False
2026-07-04 14:20:46 [INFO    ] piia —   ▶ Luanda geral | arrendamento
2026-07-04 14:20:46 [WARNING ] piia — Rede HTTPSConnectionPool(host='www.angocasa.com', port=443): Max retries exceeded with url: /anuncios/arrenda/angola-luanda/mostrar-50/ordenar-normal/ (Caused by NameResolutionError("HTTPSConnection(host='www.angocasa.com', port=443): Failed to resolve 'www.angocasa.com' ([Errno 11001] getaddrinfo failed)")) | t1
2026-07-04 14:20:51 [WARNING ] piia — Rede HTTPSConnectionPool(host='www.angocasa.com', port=443): Max retries exceeded with url: /anuncios/arrenda/angola-luanda/mostrar-50/ordenar-normal/ (Caused by NameResolutionError("HTTPSConnection(host='www.angocasa.com', port=443): Failed to resolve 'www.angocasa.com' ([Errno 11001] getaddrinfo failed)")) | t2
2026-07-04 14:21:01 [WARNING ] piia — Rede HTTPSConnectionPool(host='www.angocasa.com', port=443): Max retries exceeded with url: /anuncios/arrenda/angola-luanda/mostrar-50/ordenar-normal/ (Caused by NameResolutionError("HTTPSConnection(host='www.angocasa.com', port=443): Failed to resolve 'www.angocasa.com' ([Errno 11001] getaddrinfo failed)")) | t3
2026-07-04 14:21:01 [ERROR   ] piia — Falha definitiva: https://www.angocasa.com/anuncios/arrenda/angola-luanda/mostrar-50/ordenar-normal/
2026-07-04 14:21:01 [WARNING ] piia —     Sem resposta na pág 1 — parar coleta.
2026-07-04 14:21:01 [INFO    ] piia —   ✔ Luanda geral/arrendamento: 0 anúncios | completa=False
2026-07-04 14:21:17 [INFO    ] piia — ✅ Base de dados OK.
2026-07-04 14:21:32 [INFO    ] piia — ✅ Base de dados OK.
2026-07-04 14:21:47 [INFO    ] piia — ✅ Base de dados OK.
2026-07-04 14:21:48 [INFO    ] piia — ✅ Base de dados OK.
2026-07-04 14:21:48 [INFO    ] piia — ✅ Base de dados OK.
2026-07-04 14:23:07 [INFO    ] piia — ✅ Base de dados OK.
2026-07-04 14:23:08 [INFO    ] piia — ──────────────────────────────────────────────────
2026-07-04 14:23:08 [INFO    ] piia —   Coletados    : 838
2026-07-04 14:23:08 [INFO    ] piia —   Novos        : 838
2026-07-04 14:23:08 [INFO    ] piia —   Atualizados  : 0
2026-07-04 14:23:08 [INFO    ] piia —   Preço alterado: 0
2026-07-04 14:23:08 [INFO    ] piia —   Removidos    : 0
2026-07-04 14:23:08 [INFO    ] piia —   Erros        : 0
2026-07-04 14:23:08 [INFO    ] piia — ──────────────────────────────────────────────────
2026-07-04 14:23:10 [INFO    ] piia — ✅ Backup: piia_backup_20260704_142308.db
2026-07-04 14:23:10 [INFO    ] piia — ════════════════════════════════════════════════════════════
2026-07-04 14:23:10 [INFO    ] piia —   RESUMO BASE DE DADOS
2026-07-04 14:23:10 [INFO    ] piia —   Total anúncios activos : 2218
2026-07-04 14:23:10 [INFO    ] piia —   → Compra               : 2218
2026-07-04 14:23:10 [INFO    ] piia —   → Arrendamento         : 0
2026-07-04 14:23:10 [INFO    ] piia —   Bairros com dados      : 36
2026-07-04 14:23:10 [INFO    ] piia —   Hist. alterações preço : 0
2026-07-04 14:23:10 [INFO    ] piia —   Última extração        : 2026-07-04T14:03:31.824434
2026-07-04 14:23:10 [INFO    ] piia — ════════════════════════════════════════════════════════════
2026-07-04 14:23:10 [INFO    ] piia — ✅ PIIA Fase 1 concluída.
2026-07-04 15:08:18 [INFO    ] piia — ════════════════════════════════════════════════════════════
2026-07-04 15:08:18 [INFO    ] piia —   PIIA v2.10 — Fase 1
2026-07-04 15:08:18 [INFO    ] piia —   Início: 2026-07-04 15:08:18
2026-07-04 15:08:18 [INFO    ] piia —   ROOT  : C:\Users\Admins\Desktop\sampleproject
2026-07-04 15:08:18 [INFO    ] piia — ════════════════════════════════════════════════════════════
2026-07-04 15:08:18 [INFO    ] piia — ✅ Base de dados OK.
2026-07-04 15:08:18 [INFO    ] piia — ▶ SCRAPING — recolher anúncios
2026-07-04 15:08:18 [INFO    ] piia — ✅ Base de dados OK.
2026-07-04 15:08:18 [INFO    ] piia —     [AngoCasa] Retomando do checkpoint: Luanda geral | pág 52
2026-07-04 15:08:18 [INFO    ] piia —   ▶ Luanda geral | compra
2026-07-04 15:19:45 [INFO    ] piia —     Pág 52: 50 anúncios extraídos (total acum.: 50)
2026-07-04 15:25:38 [WARNING ] piia — Scraping interrompido pelo utilizador.
2026-07-04 15:25:45 [INFO    ] piia — ════════════════════════════════════════════════════════════
2026-07-04 15:25:45 [INFO    ] piia —   RESUMO BASE DE DADOS
2026-07-04 15:25:45 [INFO    ] piia —   Total anúncios activos : 2268
2026-07-04 15:25:45 [INFO    ] piia —   → Compra               : 2268
2026-07-04 15:25:45 [INFO    ] piia —   → Arrendamento         : 0
2026-07-04 15:25:45 [INFO    ] piia —   Bairros com dados      : 36
2026-07-04 15:25:45 [INFO    ] piia —   Hist. alterações preço : 0
2026-07-04 15:25:45 [INFO    ] piia —   Última extração        : 2026-07-04T15:19:45.535002
2026-07-04 15:25:45 [INFO    ] piia — ════════════════════════════════════════════════════════════
2026-07-04 15:25:45 [INFO    ] piia — ✅ PIIA Fase 1 concluída.
2026-07-04 15:40:19 [INFO    ] piia — ════════════════════════════════════════════════════════════
2026-07-04 15:40:19 [INFO    ] piia —   PIIA v2.10 — Fase 1
2026-07-04 15:40:19 [INFO    ] piia —   Início: 2026-07-04 15:40:19
2026-07-04 15:40:19 [INFO    ] piia —   ROOT  : C:\Users\Admins\Desktop\sampleproject
2026-07-04 15:40:19 [INFO    ] piia — ════════════════════════════════════════════════════════════
2026-07-04 15:40:20 [INFO    ] piia — ✅ Base de dados OK.
2026-07-04 15:40:20 [INFO    ] piia — ▶ SCRAPING — recolher anúncios
2026-07-04 15:40:20 [INFO    ] piia — ✅ Base de dados OK.
2026-07-04 15:40:20 [INFO    ] piia —     [AngoCasa] Retomando do checkpoint: Luanda geral | pág 53
2026-07-04 15:40:20 [INFO    ] piia —   ▶ Luanda geral | compra
2026-07-04 15:41:14 [WARNING ] piia — Rede HTTPSConnectionPool(host='www.angocasa.com', port=443): Read timed out. (read timeout=30) | t1
2026-07-04 15:52:41 [INFO    ] piia —     Pág 53: 50 anúncios extraídos (total acum.: 50)
2026-07-04 16:05:02 [INFO    ] piia —     Pág 54: 49 anúncios extraídos (total acum.: 99)
2026-07-04 16:16:34 [INFO    ] piia —     Pág 55: 50 anúncios extraídos (total acum.: 149)
2026-07-04 16:18:15 [WARNING ] piia — Rede ('Connection aborted.', RemoteDisconnected('Remote end closed connection without response')) | t1
2026-07-04 16:27:13 [INFO    ] piia —     Pág 56: 50 anúncios extraídos (total acum.: 199)
2026-07-04 16:39:01 [INFO    ] piia —     Pág 57: 50 anúncios extraídos (total acum.: 249)
2026-07-04 16:39:22 [WARNING ] piia — Rede ('Connection aborted.', RemoteDisconnected('Remote end closed connection without response')) | t1
2026-07-04 16:52:02 [INFO    ] piia —     Pág 58: 50 anúncios extraídos (total acum.: 299)
2026-07-04 17:08:37 [INFO    ] piia —     Pág 59: 50 anúncios extraídos (total acum.: 349)
2026-07-04 17:21:26 [INFO    ] piia —     Pág 60: 49 anúncios extraídos (total acum.: 398)
2026-07-04 17:34:41 [INFO    ] piia —     Pág 61: 50 anúncios extraídos (total acum.: 448)
2026-07-04 17:38:37 [INFO    ] piia — ════════════════════════════════════════════════════════════
2026-07-04 17:38:37 [INFO    ] piia —   PIIA v2.10 — Fase 1
2026-07-04 17:38:37 [INFO    ] piia —   Início: 2026-07-04 17:38:37
2026-07-04 17:38:37 [INFO    ] piia —   ROOT  : C:\Users\Admins\Desktop\sampleproject
2026-07-04 17:38:37 [INFO    ] piia — ════════════════════════════════════════════════════════════
2026-07-04 17:38:37 [INFO    ] piia — ✅ Base de dados OK.
2026-07-04 17:38:37 [INFO    ] piia — ▶ SCRAPING — recolher anúncios
2026-07-04 17:38:37 [INFO    ] piia — ✅ Base de dados OK.
2026-07-04 17:38:37 [INFO    ] piia — ✅ Base de dados OK.
2026-07-04 17:38:38 [INFO    ] piia —   ▶ MIA | compra
2026-07-04 17:38:38 [INFO    ] piia — ✅ Base de dados OK.
2026-07-04 17:38:38 [INFO    ] piia —   ▶ RE/MAX Angola | compra
2026-07-04 17:38:38 [INFO    ] piia —   ▶ Zenki Real Estate | Luanda
2026-07-04 17:38:42 [INFO    ] piia —     [MIA] compra — 42 anúncios (4 páginas de 12)
2026-07-04 17:38:44 [INFO    ] piia —   [Zenki] Total anunciado: 51 | pág 1: 6 cards
2026-07-04 17:39:39 [INFO    ] piia —     MIA pág 1/4: 12 extraídos (acum.: 12)
2026-07-04 17:39:48 [INFO    ] piia —   ✔ Zenki Real Estate: 6 anúncios extraídos de 6 cards
2026-07-04 17:39:48 [INFO    ] piia — ✅ Base de dados OK.
2026-07-04 17:40:28 [INFO    ] piia —     RE/MAX pág 1/21: 0 extraídos (acum.: 0)
2026-07-04 17:40:45 [INFO    ] piia —     MIA pág 2/4: 12 extraídos (acum.: 24)
2026-07-04 17:41:41 [INFO    ] piia —     MIA pág 3/4: 12 extraídos (acum.: 36)
2026-07-04 17:42:20 [INFO    ] piia —     MIA pág 4/4: 6 extraídos (acum.: 42)
2026-07-04 17:42:21 [INFO    ] piia —     RE/MAX pág 2/21: 0 extraídos (acum.: 0)
2026-07-04 17:42:21 [INFO    ] piia —   ▶ MIA | arrendamento
2026-07-04 17:42:21 [INFO    ] piia —     [MIA] arrendamento — 22 anúncios (2 páginas de 12)
2026-07-04 17:43:11 [INFO    ] piia —     MIA pág 1/2: 12 extraídos (acum.: 12)
2026-07-04 17:44:02 [INFO    ] piia —     MIA pág 2/2: 10 extraídos (acum.: 22)
2026-07-04 17:44:03 [INFO    ] piia —   ✔ MIA: 64 anúncios total
2026-07-04 17:44:03 [INFO    ] piia — ✅ Base de dados OK.
2026-07-04 17:44:21 [INFO    ] piia —     RE/MAX pág 3/21: 0 extraídos (acum.: 0)
2026-07-04 17:46:12 [INFO    ] piia —     RE/MAX pág 4/21: 0 extraídos (acum.: 0)
2026-07-04 17:46:22 [INFO    ] piia —     Pág 62: 50 anúncios extraídos (total acum.: 498)
2026-07-04 17:48:10 [INFO    ] piia —     RE/MAX pág 5/21: 0 extraídos (acum.: 0)
2026-07-04 17:50:07 [INFO    ] piia —     RE/MAX pág 6/21: 0 extraídos (acum.: 0)
2026-07-04 17:51:50 [INFO    ] piia —     RE/MAX pág 7/21: 0 extraídos (acum.: 0)
2026-07-04 17:53:43 [INFO    ] piia —     RE/MAX pág 8/21: 0 extraídos (acum.: 0)
2026-07-04 17:55:30 [INFO    ] piia —     RE/MAX pág 9/21: 0 extraídos (acum.: 0)
2026-07-04 17:57:19 [INFO    ] piia —     Pág 63: 50 anúncios extraídos (total acum.: 548)
2026-07-04 17:57:31 [INFO    ] piia —     RE/MAX pág 10/21: 0 extraídos (acum.: 0)
2026-07-04 17:59:26 [INFO    ] piia —     RE/MAX pág 11/21: 0 extraídos (acum.: 0)
2026-07-04 18:01:10 [INFO    ] piia —     RE/MAX pág 12/21: 0 extraídos (acum.: 0)
2026-07-04 18:03:08 [INFO    ] piia —     RE/MAX pág 13/21: 0 extraídos (acum.: 0)
2026-07-04 18:05:07 [INFO    ] piia —     RE/MAX pág 14/21: 0 extraídos (acum.: 0)
2026-07-04 18:06:44 [INFO    ] piia —     RE/MAX pág 15/21: 0 extraídos (acum.: 0)
2026-07-04 18:08:37 [INFO    ] piia —     RE/MAX pág 16/21: 0 extraídos (acum.: 0)
2026-07-04 18:09:22 [INFO    ] piia —     Pág 64: 50 anúncios extraídos (total acum.: 598)
2026-07-04 18:10:30 [INFO    ] piia —     RE/MAX pág 17/21: 0 extraídos (acum.: 0)
2026-07-04 18:12:22 [INFO    ] piia —     RE/MAX pág 18/21: 0 extraídos (acum.: 0)
2026-07-04 18:13:05 [WARNING ] piia — Rede ('Connection aborted.', RemoteDisconnected('Remote end closed connection without response')) | t1
2026-07-04 18:14:06 [INFO    ] piia —     RE/MAX pág 19/21: 0 extraídos (acum.: 0)
2026-07-04 18:14:45 [WARNING ] piia — Rede ('Connection aborted.', RemoteDisconnected('Remote end closed connection without response')) | t1
2026-07-04 18:15:36 [INFO    ] piia —     RE/MAX pág 20/21: 0 extraídos (acum.: 0)
2026-07-04 18:15:52 [INFO    ] piia —     RE/MAX pág 21/5525: 0 extraídos (acum.: 0)
2026-07-04 18:15:56 [INFO    ] piia —     RE/MAX pág 22/5525: 0 extraídos (acum.: 0)
2026-07-04 18:16:07 [INFO    ] piia —     RE/MAX pág 23/5525: 0 extraídos (acum.: 0)
2026-07-04 18:16:22 [INFO    ] piia —     RE/MAX pág 24/5525: 0 extraídos (acum.: 0)
2026-07-04 18:16:29 [WARNING ] piia — [RE/MAX] HTTP 400 | tentativa 1 | body: {"error":{"code":"","message":"Invalid expression: Could not find a property named 'CountryCode' on type 'search.complex.content'.\r\nParameter name: $filter"}}
2026-07-04 18:16:32 [WARNING ] piia — [RE/MAX] HTTP 400 | tentativa 2 | body: {"error":{"code":"","message":"Invalid expression: Could not find a property named 'CountryCode' on type 'search.complex.content'.\r\nParameter name: $filter"}}
2026-07-04 18:16:36 [WARNING ] piia — [RE/MAX] HTTP 400 | tentativa 3 | body: {"error":{"code":"","message":"Invalid expression: Could not find a property named 'CountryCode' on type 'search.complex.content'.\r\nParameter name: $filter"}}
2026-07-04 18:16:36 [INFO    ] piia —     RE/MAX pág 25: sem links úteis.
2026-07-04 18:16:37 [WARNING ] piia — [RE/MAX] HTTP 400 | tentativa 1 | body: {"error":{"code":"","message":"Invalid expression: Could not find a property named 'CountryCode' on type 'search.complex.content'.\r\nParameter name: $filter"}}
2026-07-04 18:16:40 [WARNING ] piia — [RE/MAX] HTTP 400 | tentativa 2 | body: {"error":{"code":"","message":"Invalid expression: Could not find a property named 'CountryCode' on type 'search.complex.content'.\r\nParameter name: $filter"}}
2026-07-04 18:16:44 [WARNING ] piia — [RE/MAX] HTTP 400 | tentativa 3 | body: {"error":{"code":"","message":"Invalid expression: Could not find a property named 'CountryCode' on type 'search.complex.content'.\r\nParameter name: $filter"}}
2026-07-04 18:16:44 [INFO    ] piia —     RE/MAX pág 26: sem links úteis.
2026-07-04 18:16:44 [INFO    ] piia —   ▶ RE/MAX Angola | arrendamento
2026-07-04 18:18:30 [INFO    ] piia —     RE/MAX pág 1/11: 0 extraídos (acum.: 0)
2026-07-04 18:20:27 [INFO    ] piia —     RE/MAX pág 2/11: 0 extraídos (acum.: 0)
2026-07-04 18:21:41 [INFO    ] piia —     Pág 65: 50 anúncios extraídos (total acum.: 648)
2026-07-04 18:22:20 [INFO    ] piia —     RE/MAX pág 3/11: 0 extraídos (acum.: 0)
2026-07-04 18:24:12 [INFO    ] piia —     RE/MAX pág 4/11: 0 extraídos (acum.: 0)
2026-07-04 18:26:05 [INFO    ] piia —     RE/MAX pág 5/11: 0 extraídos (acum.: 0)
2026-07-04 18:28:00 [INFO    ] piia —     RE/MAX pág 6/11: 0 extraídos (acum.: 0)
2026-07-04 18:29:51 [INFO    ] piia —     RE/MAX pág 7/11: 0 extraídos (acum.: 0)
2026-07-04 18:31:43 [INFO    ] piia —     RE/MAX pág 8/11: 0 extraídos (acum.: 0)
2026-07-04 18:32:46 [INFO    ] piia —     Pág 66: 49 anúncios extraídos (total acum.: 697)
2026-07-04 18:33:41 [INFO    ] piia —     RE/MAX pág 9/11: 0 extraídos (acum.: 0)
2026-07-04 18:35:37 [INFO    ] piia —     RE/MAX pág 10/11: 0 extraídos (acum.: 0)
2026-07-04 18:37:10 [INFO    ] piia —     RE/MAX pág 11/11: 0 extraídos (acum.: 0)
2026-07-04 18:37:11 [INFO    ] piia —   ✔ RE/MAX Angola: 0 anúncios total
2026-07-04 18:37:11 [INFO    ] piia — ✅ Base de dados OK.
2026-07-04 18:37:12 [INFO    ] piia — ──────────────────────────────────────────────────
2026-07-04 18:37:12 [INFO    ] piia —   Coletados    : 70
2026-07-04 18:37:12 [INFO    ] piia —   Novos        : 61
2026-07-04 18:37:12 [INFO    ] piia —   Atualizados  : 0
2026-07-04 18:37:12 [INFO    ] piia —   Preço alterado: 0
2026-07-04 18:37:12 [INFO    ] piia —   Removidos    : 0
2026-07-04 18:37:12 [INFO    ] piia —   Erros        : 0
2026-07-04 18:37:12 [INFO    ] piia — ──────────────────────────────────────────────────
2026-07-04 18:37:18 [INFO    ] piia — ✅ Backup: piia_backup_20260704_183712.db
2026-07-04 18:37:18 [INFO    ] piia — ════════════════════════════════════════════════════════════
2026-07-04 18:37:18 [INFO    ] piia —   RESUMO BASE DE DADOS
2026-07-04 18:37:18 [INFO    ] piia —   Total anúncios activos : 3026
2026-07-04 18:37:18 [INFO    ] piia —   → Compra               : 3008
2026-07-04 18:37:18 [INFO    ] piia —   → Arrendamento         : 18
2026-07-04 18:37:18 [INFO    ] piia —   Bairros com dados      : 54
2026-07-04 18:37:18 [INFO    ] piia —   Hist. alterações preço : 0
2026-07-04 18:37:18 [INFO    ] piia —   Última extração        : 2026-07-04T18:32:45.972180
2026-07-04 18:37:18 [INFO    ] piia — ════════════════════════════════════════════════════════════
2026-07-04 18:37:18 [INFO    ] piia — ✅ PIIA Fase 1 concluída.
2026-07-04 18:43:52 [INFO    ] piia —     Pág 67: 50 anúncios extraídos (total acum.: 747)
2026-07-04 18:56:04 [INFO    ] piia —     Pág 68: 50 anúncios extraídos (total acum.: 797)
2026-07-04 19:07:17 [INFO    ] piia —     Pág 69: 50 anúncios extraídos (total acum.: 847)
