2026-07-05 16:15:44 [INFO    ] piia — ════════════════════════════════════════════════════════════
2026-07-05 16:15:44 [INFO    ] piia —   PIIA v2.10 — Fase 1
2026-07-05 16:15:44 [INFO    ] piia —   Início: 2026-07-05 16:15:44
2026-07-05 16:15:44 [INFO    ] piia —   ROOT  : C:\Users\Admins\Desktop\sampleproject
2026-07-05 16:15:44 [INFO    ] piia — ════════════════════════════════════════════════════════════
2026-07-05 16:15:44 [INFO    ] piia — ✅ Base de dados OK.
2026-07-05 16:15:44 [INFO    ] piia — ▶ SCRAPING — recolher anúncios
2026-07-05 16:15:44 [INFO    ] piia — ✅ Base de dados OK.
2026-07-05 16:15:44 [INFO    ] piia — ✅ Base de dados OK.
2026-07-05 16:15:45 [INFO    ] piia — ✅ Base de dados OK.
2026-07-05 16:15:45 [INFO    ] piia — ✅ Base de dados OK.
2026-07-05 16:15:45 [INFO    ] piia —   ▶ RE/MAX Angola | compra
2026-07-05 16:15:45 [INFO    ] piia —   ▶ Zenki Real Estate | Luanda
2026-07-05 16:15:45 [INFO    ] piia —     [RE/MAX] Retomando do checkpoint: pág 25
2026-07-05 16:15:45 [INFO    ] piia —   ▶ AngoImóveis | compra
2026-07-05 16:15:45 [INFO    ] piia — ✅ Base de dados OK.
2026-07-05 16:15:45 [INFO    ] piia — ✅ Base de dados OK.
2026-07-05 16:15:45 [INFO    ] piia —   ▶ MIA | compra
2026-07-05 16:15:45 [INFO    ] piia —     [AngoCasa] Retomando do checkpoint: Luanda geral | pág 70
2026-07-05 16:15:45 [INFO    ] piia —   ▶ REE-GERA | compra
2026-07-05 16:15:45 [INFO    ] piia —   ▶ Luanda geral | compra
2026-07-05 16:15:50 [INFO    ] piia —     [AngoImóveis] compra — 23 páginas detectadas
2026-07-05 16:15:51 [INFO    ] piia —     [MIA] compra — 42 anúncios (4 páginas de 12)
2026-07-05 16:15:51 [INFO    ] piia —     MIA pág 1/4: 0 extraídos (acum.: 0)
2026-07-05 16:15:51 [INFO    ] piia —   [Zenki] Total anunciado: 51 | pág 1: 6 cards
2026-07-05 16:15:52 [WARNING ] piia — [RE/MAX] HTTP 400 | tentativa 1 | body: {"error":{"code":"","message":"Invalid expression: Could not find a property named 'CountryCode' on type 'search.complex.content'.\r\nParameter name: $filter"}}
2026-07-05 16:15:52 [INFO    ] piia —     [REE-GERA] compra — 10 página(s) detectada(s)
2026-07-05 16:15:54 [WARNING ] piia — [RE/MAX] HTTP 400 | tentativa 2 | body: {"error":{"code":"","message":"Invalid expression: Could not find a property named 'CountryCode' on type 'search.complex.content'.\r\nParameter name: $filter"}}
2026-07-05 16:15:56 [WARNING ] piia — [REE-GERA] Rede ('Connection aborted.', RemoteDisconnected('Remote end closed connection without response')) | tentativa 1
2026-07-05 16:15:57 [INFO    ] piia —     MIA pág 2/4: 0 extraídos (acum.: 0)
2026-07-05 16:15:58 [WARNING ] piia — [RE/MAX] HTTP 400 | tentativa 3 | body: {"error":{"code":"","message":"Invalid expression: Could not find a property named 'CountryCode' on type 'search.complex.content'.\r\nParameter name: $filter"}}
2026-07-05 16:15:58 [INFO    ] piia —     RE/MAX pág 25: sem links úteis.
2026-07-05 16:16:00 [WARNING ] piia — [RE/MAX] HTTP 400 | tentativa 1 | body: {"error":{"code":"","message":"Invalid expression: Could not find a property named 'CountryCode' on type 'search.complex.content'.\r\nParameter name: $filter"}}
2026-07-05 16:16:01 [INFO    ] piia —   ✔ Zenki Real Estate: 0 anúncios extraídos de 6 cards
2026-07-05 16:16:01 [INFO    ] piia — ✅ Base de dados OK.
2026-07-05 16:16:01 [INFO    ] piia —     MIA pág 3/4: 0 extraídos (acum.: 0)
2026-07-05 16:16:02 [WARNING ] piia — [RE/MAX] HTTP 400 | tentativa 2 | body: {"error":{"code":"","message":"Invalid expression: Could not find a property named 'CountryCode' on type 'search.complex.content'.\r\nParameter name: $filter"}}
2026-07-05 16:16:05 [INFO    ] piia —     MIA pág 4/4: 0 extraídos (acum.: 0)
2026-07-05 16:16:05 [INFO    ] piia —   ▶ MIA | arrendamento
2026-07-05 16:16:06 [INFO    ] piia —     [MIA] arrendamento — 22 anúncios (2 páginas de 12)
2026-07-05 16:16:06 [INFO    ] piia —     MIA pág 1/2: 0 extraídos (acum.: 0)
2026-07-05 16:16:07 [WARNING ] piia — [RE/MAX] HTTP 400 | tentativa 3 | body: {"error":{"code":"","message":"Invalid expression: Could not find a property named 'CountryCode' on type 'search.complex.content'.\r\nParameter name: $filter"}}
2026-07-05 16:16:07 [INFO    ] piia —     RE/MAX pág 26: sem links úteis.
2026-07-05 16:16:07 [INFO    ] piia —   ▶ RE/MAX Angola | arrendamento
2026-07-05 16:16:12 [INFO    ] piia —     MIA pág 2/2: 0 extraídos (acum.: 0)
2026-07-05 16:16:13 [INFO    ] piia —   ✔ MIA: 0 anúncios total
2026-07-05 16:16:13 [INFO    ] piia — ✅ Base de dados OK.
2026-07-05 16:17:54 [INFO    ] piia —     RE/MAX pág 1/11: 0 extraídos (acum.: 0)
2026-07-05 16:18:16 [INFO    ] piia —     REE-GERA pág 1/10: 10 extraídos (acum.: 10)
2026-07-05 16:19:48 [INFO    ] piia —     RE/MAX pág 2/11: 0 extraídos (acum.: 0)
2026-07-05 16:20:41 [INFO    ] piia —     REE-GERA pág 2/10: 10 extraídos (acum.: 20)
2026-07-05 16:21:31 [INFO    ] piia —     AngoImóveis pág 1/23: 35 extraídos (acum.: 35)
2026-07-05 16:21:47 [INFO    ] piia —     RE/MAX pág 3/11: 0 extraídos (acum.: 0)
2026-07-05 16:23:05 [INFO    ] piia —     REE-GERA pág 3/10: 10 extraídos (acum.: 30)
2026-07-05 16:23:40 [INFO    ] piia —     RE/MAX pág 4/11: 0 extraídos (acum.: 0)
2026-07-05 16:25:18 [INFO    ] piia —     RE/MAX pág 5/11: 0 extraídos (acum.: 0)
2026-07-05 16:25:30 [INFO    ] piia —     REE-GERA pág 4/10: 10 extraídos (acum.: 40)
2026-07-05 16:26:20 [INFO    ] piia —     Pág 70: 50 anúncios extraídos (total acum.: 50)
2026-07-05 16:27:07 [INFO    ] piia —     AngoImóveis pág 2/23: 33 extraídos (acum.: 68)
2026-07-05 16:27:11 [INFO    ] piia —     RE/MAX pág 6/11: 0 extraídos (acum.: 0)
2026-07-05 16:28:01 [INFO    ] piia —     REE-GERA pág 5/10: 10 extraídos (acum.: 50)
2026-07-05 16:29:15 [INFO    ] piia —     RE/MAX pág 7/11: 0 extraídos (acum.: 0)
2026-07-05 16:30:29 [INFO    ] piia —     REE-GERA pág 6/10: 10 extraídos (acum.: 60)
2026-07-05 16:31:00 [INFO    ] piia —     RE/MAX pág 8/11: 0 extraídos (acum.: 0)
2026-07-05 16:32:41 [INFO    ] piia —     RE/MAX pág 9/11: 0 extraídos (acum.: 0)
2026-07-05 16:32:56 [INFO    ] piia —     REE-GERA pág 7/10: 10 extraídos (acum.: 70)
2026-07-05 16:32:57 [INFO    ] piia —     AngoImóveis pág 3/23: 34 extraídos (acum.: 102)
2026-07-05 16:34:34 [INFO    ] piia —     RE/MAX pág 10/11: 0 extraídos (acum.: 0)
2026-07-05 16:35:09 [INFO    ] piia —     REE-GERA pág 8/10: 10 extraídos (acum.: 80)
2026-07-05 16:36:06 [INFO    ] piia —     RE/MAX pág 11/11: 0 extraídos (acum.: 0)
2026-07-05 16:36:07 [INFO    ] piia —   ✔ RE/MAX Angola: 0 anúncios total
2026-07-05 16:36:07 [INFO    ] piia — ✅ Base de dados OK.
2026-07-05 16:36:56 [INFO    ] piia —     Pág 71: 50 anúncios extraídos (total acum.: 100)
2026-07-05 16:37:23 [INFO    ] piia —     REE-GERA pág 9/10: 10 extraídos (acum.: 90)
2026-07-05 16:38:55 [INFO    ] piia —     AngoImóveis pág 4/23: 36 extraídos (acum.: 138)
2026-07-05 16:39:24 [INFO    ] piia —     REE-GERA pág 10/10: 9 extraídos (acum.: 99)
2026-07-05 16:39:24 [INFO    ] piia —   ▶ REE-GERA | arrendamento
2026-07-05 16:39:29 [INFO    ] piia —     [REE-GERA] arrendamento — 7 página(s) detectada(s)
2026-07-05 16:41:32 [INFO    ] piia —     REE-GERA pág 1/7: 10 extraídos (acum.: 10)
2026-07-05 16:43:41 [INFO    ] piia —     REE-GERA pág 2/7: 10 extraídos (acum.: 20)
2026-07-05 16:44:33 [INFO    ] piia —     AngoImóveis pág 5/23: 34 extraídos (acum.: 172)
2026-07-05 16:45:59 [INFO    ] piia —     REE-GERA pág 3/7: 10 extraídos (acum.: 30)
2026-07-05 16:47:37 [INFO    ] piia —     Pág 72: 50 anúncios extraídos (total acum.: 150)
2026-07-05 16:48:15 [INFO    ] piia —     REE-GERA pág 4/7: 10 extraídos (acum.: 40)
2026-07-05 16:50:16 [INFO    ] piia —     AngoImóveis pág 6/23: 35 extraídos (acum.: 207)
2026-07-05 16:50:30 [INFO    ] piia —     REE-GERA pág 5/7: 10 extraídos (acum.: 50)
2026-07-05 16:52:51 [INFO    ] piia —     REE-GERA pág 6/7: 10 extraídos (acum.: 60)
2026-07-05 16:53:49 [INFO    ] piia —     REE-GERA pág 7/7: 4 extraídos (acum.: 64)
2026-07-05 16:53:49 [INFO    ] piia —   ✔ REE-GERA: 163 anúncios total
2026-07-05 16:53:49 [INFO    ] piia — ✅ Base de dados OK.
2026-07-05 16:56:11 [INFO    ] piia —     AngoImóveis pág 7/23: 36 extraídos (acum.: 243)
2026-07-05 16:58:20 [INFO    ] piia —     Pág 73: 50 anúncios extraídos (total acum.: 200)
2026-07-05 17:01:51 [INFO    ] piia —     AngoImóveis pág 8/23: 36 extraídos (acum.: 279)
2026-07-05 17:03:06 [WARNING ] piia — Rede ('Connection aborted.', RemoteDisconnected('Remote end closed connection without response')) | t1
2026-07-05 17:07:11 [INFO    ] piia —     AngoImóveis pág 9/23: 33 extraídos (acum.: 312)
2026-07-05 17:09:20 [INFO    ] piia —     Pág 74: 50 anúncios extraídos (total acum.: 250)
2026-07-05 17:11:00 [INFO    ] piia —     AngoImóveis pág 10/23: 23 extraídos (acum.: 335)
2026-07-05 17:16:58 [INFO    ] piia —     AngoImóveis pág 11/23: 36 extraídos (acum.: 371)
2026-07-05 17:19:34 [INFO    ] piia —     Pág 75: 50 anúncios extraídos (total acum.: 300)
2026-07-05 17:22:28 [INFO    ] piia —     AngoImóveis pág 12/23: 34 extraídos (acum.: 405)
2026-07-05 17:27:45 [INFO    ] piia —     AngoImóveis pág 13/23: 33 extraídos (acum.: 438)
2026-07-05 17:30:02 [INFO    ] piia —     Pág 76: 49 anúncios extraídos (total acum.: 349)
2026-07-05 17:33:12 [INFO    ] piia —     AngoImóveis pág 14/23: 34 extraídos (acum.: 472)
2026-07-05 17:38:32 [INFO    ] piia —     AngoImóveis pág 15/23: 33 extraídos (acum.: 505)
2026-07-05 17:40:12 [INFO    ] piia —     Pág 77: 50 anúncios extraídos (total acum.: 399)
2026-07-05 17:44:25 [INFO    ] piia —     AngoImóveis pág 16/23: 36 extraídos (acum.: 541)
2026-07-05 17:50:15 [INFO    ] piia —     AngoImóveis pág 17/23: 35 extraídos (acum.: 576)
2026-07-05 17:50:36 [INFO    ] piia —     Pág 78: 50 anúncios extraídos (total acum.: 449)
2026-07-05 17:56:02 [INFO    ] piia —     AngoImóveis pág 18/23: 36 extraídos (acum.: 612)
2026-07-05 18:01:01 [INFO    ] piia —     Pág 79: 50 anúncios extraídos (total acum.: 499)
2026-07-05 18:02:13 [INFO    ] piia —     AngoImóveis pág 19/23: 36 extraídos (acum.: 648)
2026-07-05 18:07:18 [INFO    ] piia —     AngoImóveis pág 20/23: 32 extraídos (acum.: 680)
2026-07-05 18:11:51 [INFO    ] piia —     Pág 80: 50 anúncios extraídos (total acum.: 549)
2026-07-05 18:13:11 [INFO    ] piia —     AngoImóveis pág 21/23: 34 extraídos (acum.: 714)
2026-07-05 18:17:07 [WARNING ] piia — Rede HTTPSConnectionPool(host='www.angocasa.com', port=443): Read timed out. (read timeout=30) | t1
2026-07-05 18:19:28 [INFO    ] piia —     AngoImóveis pág 22/23: 34 extraídos (acum.: 748)
2026-07-05 18:19:37 [WARNING ] piia — Rede HTTPSConnectionPool(host='www.angocasa.com', port=443): Read timed out. (read timeout=30) | t1
2026-07-05 18:24:07 [INFO    ] piia —     Pág 81: 50 anúncios extraídos (total acum.: 599)
2026-07-05 18:24:18 [INFO    ] piia —     AngoImóveis pág 23/23: 27 extraídos (acum.: 775)
2026-07-05 18:24:18 [INFO    ] piia —   ▶ AngoImóveis | arrendamento
2026-07-05 18:24:20 [INFO    ] piia —     [AngoImóveis] arrendamento — 10 páginas detectadas
2026-07-05 18:30:10 [INFO    ] piia —     AngoImóveis pág 1/10: 36 extraídos (acum.: 36)
2026-07-05 18:35:20 [INFO    ] piia —     Pág 82: 50 anúncios extraídos (total acum.: 649)
2026-07-05 18:36:04 [INFO    ] piia —     AngoImóveis pág 2/10: 35 extraídos (acum.: 71)
2026-07-05 18:41:49 [INFO    ] piia —     AngoImóveis pág 3/10: 35 extraídos (acum.: 106)
2026-07-05 18:46:21 [INFO    ] piia —     Pág 83: 50 anúncios extraídos (total acum.: 699)
2026-07-05 18:47:32 [INFO    ] piia —     AngoImóveis pág 4/10: 35 extraídos (acum.: 141)
2026-07-05 18:53:13 [INFO    ] piia —     AngoImóveis pág 5/10: 35 extraídos (acum.: 176)
2026-07-05 18:57:22 [INFO    ] piia —     Pág 84: 50 anúncios extraídos (total acum.: 749)
2026-07-05 18:57:51 [INFO    ] piia —     AngoImóveis pág 6/10: 29 extraídos (acum.: 205)
2026-07-05 19:00:18 [WARNING ] piia — [AngoImóveis] Rede ('Connection aborted.', ConnectionResetError(10054, 'An existing connection was forcibly closed by the remote host', None, 10054, None)) | tentativa 1
2026-07-05 19:00:21 [WARNING ] piia — Rede HTTPSConnectionPool(host='www.angocasa.com', port=443): Read timed out. (read timeout=30) | t1
2026-07-05 19:00:47 [WARNING ] piia — Rede HTTPSConnectionPool(host='www.angocasa.com', port=443): Max retries exceeded with url: /vivenda/v3/luanda/benfica-inclui-lar-do-patriota-/vender-vivenda-v3-duplex-no-condominio-boa-vida-benfica-/0169198/ (Caused by ConnectTimeoutError(<HTTPSConnection(host='www.angocasa.com', port=443) at 0x1e20f877610>, 'Connection to www.angocasa.com timed out. (connect timeout=30)')) | t2
2026-07-05 19:01:05 [WARNING ] piia — [AngoImóveis] Rede HTTPSConnectionPool(host='angoimoveis.com', port=443): Max retries exceeded with url: /vivenda-v4-com-anexo-no-condominio-mama-muxima-talatona.-24526 (Caused by ConnectTimeoutError(<HTTPSConnection(host='angoimoveis.com', port=443) at 0x1e20f877390>, 'Connection to angoimoveis.com timed out. (connect timeout=30)')) | tentativa 2
2026-07-05 19:01:18 [WARNING ] piia — Rede HTTPSConnectionPool(host='www.angocasa.com', port=443): Max retries exceeded with url: /vivenda/v3/luanda/benfica-inclui-lar-do-patriota-/vender-vivenda-v3-duplex-no-condominio-boa-vida-benfica-/0169198/ (Caused by ConnectTimeoutError(<HTTPSConnection(host='www.angocasa.com', port=443) at 0x1e20f875810>, 'Connection to www.angocasa.com timed out. (connect timeout=30)')) | t3
2026-07-05 19:01:18 [ERROR   ] piia — Falha definitiva: https://www.angocasa.com/vivenda/v3/luanda/benfica-inclui-lar-do-patriota-/vender-vivenda-v3-duplex-no-condominio-boa-vida-benfica-/0169198/
2026-07-05 19:01:44 [WARNING ] piia — Rede HTTPSConnectionPool(host='www.angocasa.com', port=443): Max retries exceeded with url: /apartamento/t3/luanda/talatona/vender-apartamento-t3-no-condominio-dolce-vita-talatona/0169153/ (Caused by ConnectTimeoutError(<HTTPSConnection(host='www.angocasa.com', port=443) at 0x1e20c40e710>, 'Connection to www.angocasa.com timed out. (connect timeout=30)')) | t1
2026-07-05 19:01:57 [WARNING ] piia — [AngoImóveis] Rede HTTPSConnectionPool(host='angoimoveis.com', port=443): Max retries exceeded with url: /vivenda-v4-com-anexo-no-condominio-mama-muxima-talatona.-24526 (Caused by ConnectTimeoutError(<HTTPSConnection(host='angoimoveis.com', port=443) at 0x1e20ab72ad0>, 'Connection to angoimoveis.com timed out. (connect timeout=30)')) | tentativa 3
2026-07-05 19:01:57 [ERROR   ] piia — [AngoImóveis] Falha definitiva: https://angoimoveis.com/vivenda-v4-com-anexo-no-condominio-mama-muxima-talatona.-24526
2026-07-05 19:02:02 [WARNING ] piia — [AngoImóveis] Rede HTTPSConnectionPool(host='angoimoveis.com', port=443): Max retries exceeded with url: /apartamento-t3-mobiliado-na-centralidade-do-kilamba.-24520 (Caused by NameResolutionError("HTTPSConnection(host='angoimoveis.com', port=443): Failed to resolve 'angoimoveis.com' ([Errno 11001] getaddrinfo failed)")) | tentativa 1
2026-07-05 19:02:07 [WARNING ] piia — [AngoImóveis] Rede HTTPSConnectionPool(host='angoimoveis.com', port=443): Max retries exceeded with url: /apartamento-t3-mobiliado-na-centralidade-do-kilamba.-24520 (Caused by NameResolutionError("HTTPSConnection(host='angoimoveis.com', port=443): Failed to resolve 'angoimoveis.com' ([Errno 11001] getaddrinfo failed)")) | tentativa 2
2026-07-05 19:02:10 [WARNING ] piia — Rede HTTPSConnectionPool(host='www.angocasa.com', port=443): Max retries exceeded with url: /apartamento/t3/luanda/talatona/vender-apartamento-t3-no-condominio-dolce-vita-talatona/0169153/ (Caused by ConnectTimeoutError(<HTTPSConnection(host='www.angocasa.com', port=443) at 0x1e20c40c550>, 'Connection to www.angocasa.com timed out. (connect timeout=30)')) | t2
2026-07-05 19:02:17 [WARNING ] piia — [AngoImóveis] Rede HTTPSConnectionPool(host='angoimoveis.com', port=443): Max retries exceeded with url: /apartamento-t3-mobiliado-na-centralidade-do-kilamba.-24520 (Caused by NameResolutionError("HTTPSConnection(host='angoimoveis.com', port=443): Failed to resolve 'angoimoveis.com' ([Errno 11001] getaddrinfo failed)")) | tentativa 3
2026-07-05 19:02:17 [ERROR   ] piia — [AngoImóveis] Falha definitiva: https://angoimoveis.com/apartamento-t3-mobiliado-na-centralidade-do-kilamba.-24520
2026-07-05 19:02:23 [WARNING ] piia — [AngoImóveis] Rede HTTPSConnectionPool(host='angoimoveis.com', port=443): Max retries exceeded with url: /moradia-v31-duplex-no-condominio-flores-de-talatona-talatona.-24519 (Caused by NameResolutionError("HTTPSConnection(host='angoimoveis.com', port=443): Failed to resolve 'angoimoveis.com' ([Errno 11001] getaddrinfo failed)")) | tentativa 1
2026-07-05 19:02:28 [WARNING ] piia — [AngoImóveis] Rede HTTPSConnectionPool(host='angoimoveis.com', port=443): Max retries exceeded with url: /moradia-v31-duplex-no-condominio-flores-de-talatona-talatona.-24519 (Caused by NameResolutionError("HTTPSConnection(host='angoimoveis.com', port=443): Failed to resolve 'angoimoveis.com' ([Errno 11001] getaddrinfo failed)")) | tentativa 2
2026-07-05 19:02:38 [WARNING ] piia — [AngoImóveis] Rede HTTPSConnectionPool(host='angoimoveis.com', port=443): Max retries exceeded with url: /moradia-v31-duplex-no-condominio-flores-de-talatona-talatona.-24519 (Caused by NameResolutionError("HTTPSConnection(host='angoimoveis.com', port=443): Failed to resolve 'angoimoveis.com' ([Errno 11001] getaddrinfo failed)")) | tentativa 3
2026-07-05 19:02:38 [ERROR   ] piia — [AngoImóveis] Falha definitiva: https://angoimoveis.com/moradia-v31-duplex-no-condominio-flores-de-talatona-talatona.-24519
2026-07-05 19:02:40 [WARNING ] piia — [AngoImóveis] Rede HTTPSConnectionPool(host='angoimoveis.com', port=443): Max retries exceeded with url: /apartamento-t2-nas-torres-oceano-maculusso.-24517 (Caused by NameResolutionError("HTTPSConnection(host='angoimoveis.com', port=443): Failed to resolve 'angoimoveis.com' ([Errno 11001] getaddrinfo failed)")) | tentativa 1
2026-07-05 19:02:41 [WARNING ] piia — Rede HTTPSConnectionPool(host='www.angocasa.com', port=443): Max retries exceeded with url: /apartamento/t3/luanda/talatona/vender-apartamento-t3-no-condominio-dolce-vita-talatona/0169153/ (Caused by ConnectTimeoutError(<HTTPSConnection(host='www.angocasa.com', port=443) at 0x1e20c40f110>, 'Connection to www.angocasa.com timed out. (connect timeout=30)')) | t3
2026-07-05 19:02:41 [ERROR   ] piia — Falha definitiva: https://www.angocasa.com/apartamento/t3/luanda/talatona/vender-apartamento-t3-no-condominio-dolce-vita-talatona/0169153/
2026-07-05 19:02:45 [WARNING ] piia — [AngoImóveis] Rede HTTPSConnectionPool(host='angoimoveis.com', port=443): Max retries exceeded with url: /apartamento-t2-nas-torres-oceano-maculusso.-24517 (Caused by NameResolutionError("HTTPSConnection(host='angoimoveis.com', port=443): Failed to resolve 'angoimoveis.com' ([Errno 11001] getaddrinfo failed)")) | tentativa 2
2026-07-05 19:02:55 [WARNING ] piia — [AngoImóveis] Rede HTTPSConnectionPool(host='angoimoveis.com', port=443): Max retries exceeded with url: /apartamento-t2-nas-torres-oceano-maculusso.-24517 (Caused by NameResolutionError("HTTPSConnection(host='angoimoveis.com', port=443): Failed to resolve 'angoimoveis.com' ([Errno 11001] getaddrinfo failed)")) | tentativa 3
2026-07-05 19:02:55 [ERROR   ] piia — [AngoImóveis] Falha definitiva: https://angoimoveis.com/apartamento-t2-nas-torres-oceano-maculusso.-24517
2026-07-05 19:03:01 [WARNING ] piia — [AngoImóveis] Rede HTTPSConnectionPool(host='angoimoveis.com', port=443): Max retries exceeded with url: /guest-house-com-piscina-mobiliada-na-vila-alice.-24516 (Caused by NameResolutionError("HTTPSConnection(host='angoimoveis.com', port=443): Failed to resolve 'angoimoveis.com' ([Errno 11001] getaddrinfo failed)")) | tentativa 1
2026-07-05 19:03:06 [WARNING ] piia — [AngoImóveis] Rede HTTPSConnectionPool(host='angoimoveis.com', port=443): Max retries exceeded with url: /guest-house-com-piscina-mobiliada-na-vila-alice.-24516 (Caused by NameResolutionError("HTTPSConnection(host='angoimoveis.com', port=443): Failed to resolve 'angoimoveis.com' ([Errno 11001] getaddrinfo failed)")) | tentativa 2
2026-07-05 19:03:06 [WARNING ] piia — Rede HTTPSConnectionPool(host='www.angocasa.com', port=443): Max retries exceeded with url: /terreno/luanda/talatona/vender-terreno-de-3-5-hectares-no-talatona-/0169148/ (Caused by ConnectTimeoutError(<HTTPSConnection(host='www.angocasa.com', port=443) at 0x1e20ab71590>, 'Connection to www.angocasa.com timed out. (connect timeout=30)')) | t1
2026-07-05 19:03:16 [WARNING ] piia — [AngoImóveis] Rede HTTPSConnectionPool(host='angoimoveis.com', port=443): Max retries exceeded with url: /guest-house-com-piscina-mobiliada-na-vila-alice.-24516 (Caused by NameResolutionError("HTTPSConnection(host='angoimoveis.com', port=443): Failed to resolve 'angoimoveis.com' ([Errno 11001] getaddrinfo failed)")) | tentativa 3
2026-07-05 19:03:16 [ERROR   ] piia — [AngoImóveis] Falha definitiva: https://angoimoveis.com/guest-house-com-piscina-mobiliada-na-vila-alice.-24516
2026-07-05 19:03:19 [WARNING ] piia — [AngoImóveis] Rede HTTPSConnectionPool(host='angoimoveis.com', port=443): Max retries exceeded with url: /vivenda-v3-com-piscina-no-condominio-vila-nostra-adjacente-a-3-fase-jardim-de-rosas.-24514 (Caused by NameResolutionError("HTTPSConnection(host='angoimoveis.com', port=443): Failed to resolve 'angoimoveis.com' ([Errno 11001] getaddrinfo failed)")) | tentativa 1
2026-07-05 19:03:24 [WARNING ] piia — [AngoImóveis] Rede HTTPSConnectionPool(host='angoimoveis.com', port=443): Max retries exceeded with url: /vivenda-v3-com-piscina-no-condominio-vila-nostra-adjacente-a-3-fase-jardim-de-rosas.-24514 (Caused by NameResolutionError("HTTPSConnection(host='angoimoveis.com', port=443): Failed to resolve 'angoimoveis.com' ([Errno 11001] getaddrinfo failed)")) | tentativa 2
2026-07-05 19:03:32 [WARNING ] piia — Rede HTTPSConnectionPool(host='www.angocasa.com', port=443): Max retries exceeded with url: /terreno/luanda/talatona/vender-terreno-de-3-5-hectares-no-talatona-/0169148/ (Caused by ConnectTimeoutError(<HTTPSConnection(host='www.angocasa.com', port=443) at 0x1e20c40ec10>, 'Connection to www.angocasa.com timed out. (connect timeout=30)')) | t2
2026-07-05 19:03:34 [WARNING ] piia — [AngoImóveis] Rede HTTPSConnectionPool(host='angoimoveis.com', port=443): Max retries exceeded with url: /vivenda-v3-com-piscina-no-condominio-vila-nostra-adjacente-a-3-fase-jardim-de-rosas.-24514 (Caused by NameResolutionError("HTTPSConnection(host='angoimoveis.com', port=443): Failed to resolve 'angoimoveis.com' ([Errno 11001] getaddrinfo failed)")) | tentativa 3
2026-07-05 19:03:34 [ERROR   ] piia — [AngoImóveis] Falha definitiva: https://angoimoveis.com/vivenda-v3-com-piscina-no-condominio-vila-nostra-adjacente-a-3-fase-jardim-de-rosas.-24514
2026-07-05 19:03:39 [WARNING ] piia — [AngoImóveis] Rede HTTPSConnectionPool(host='angoimoveis.com', port=443): Max retries exceeded with url: /vivenda-v4-com-piscina-e-anexo-no-condominio-cajueiro-de-talatona-talatona.-24498 (Caused by NameResolutionError("HTTPSConnection(host='angoimoveis.com', port=443): Failed to resolve 'angoimoveis.com' ([Errno 11001] getaddrinfo failed)")) | tentativa 1
2026-07-05 19:03:44 [WARNING ] piia — [AngoImóveis] Rede HTTPSConnectionPool(host='angoimoveis.com', port=443): Max retries exceeded with url: /vivenda-v4-com-piscina-e-anexo-no-condominio-cajueiro-de-talatona-talatona.-24498 (Caused by NameResolutionError("HTTPSConnection(host='angoimoveis.com', port=443): Failed to resolve 'angoimoveis.com' ([Errno 11001] getaddrinfo failed)")) | tentativa 2
2026-07-05 19:03:54 [WARNING ] piia — [AngoImóveis] Rede HTTPSConnectionPool(host='angoimoveis.com', port=443): Max retries exceeded with url: /vivenda-v4-com-piscina-e-anexo-no-condominio-cajueiro-de-talatona-talatona.-24498 (Caused by NameResolutionError("HTTPSConnection(host='angoimoveis.com', port=443): Failed to resolve 'angoimoveis.com' ([Errno 11001] getaddrinfo failed)")) | tentativa 3
2026-07-05 19:03:54 [ERROR   ] piia — [AngoImóveis] Falha definitiva: https://angoimoveis.com/vivenda-v4-com-piscina-e-anexo-no-condominio-cajueiro-de-talatona-talatona.-24498
2026-07-05 19:03:59 [WARNING ] piia — [AngoImóveis] Rede HTTPSConnectionPool(host='angoimoveis.com', port=443): Max retries exceeded with url: /moradia-v5-no-projecto-nando-casa-azuis-bairro-sapo-2.-24483 (Caused by NameResolutionError("HTTPSConnection(host='angoimoveis.com', port=443): Failed to resolve 'angoimoveis.com' ([Errno 11001] getaddrinfo failed)")) | tentativa 1
2026-07-05 19:04:03 [WARNING ] piia — Rede HTTPSConnectionPool(host='www.angocasa.com', port=443): Max retries exceeded with url: /terreno/luanda/talatona/vender-terreno-de-3-5-hectares-no-talatona-/0169148/ (Caused by ConnectTimeoutError(<HTTPSConnection(host='www.angocasa.com', port=443) at 0x1e20c40c910>, 'Connection to www.angocasa.com timed out. (connect timeout=30)')) | t3
2026-07-05 19:04:03 [ERROR   ] piia — Falha definitiva: https://www.angocasa.com/terreno/luanda/talatona/vender-terreno-de-3-5-hectares-no-talatona-/0169148/
2026-07-05 19:04:04 [WARNING ] piia — [AngoImóveis] Rede HTTPSConnectionPool(host='angoimoveis.com', port=443): Max retries exceeded with url: /moradia-v5-no-projecto-nando-casa-azuis-bairro-sapo-2.-24483 (Caused by NameResolutionError("HTTPSConnection(host='angoimoveis.com', port=443): Failed to resolve 'angoimoveis.com' ([Errno 11001] getaddrinfo failed)")) | tentativa 2
2026-07-05 19:04:14 [WARNING ] piia — [AngoImóveis] Rede HTTPSConnectionPool(host='angoimoveis.com', port=443): Max retries exceeded with url: /moradia-v5-no-projecto-nando-casa-azuis-bairro-sapo-2.-24483 (Caused by NameResolutionError("HTTPSConnection(host='angoimoveis.com', port=443): Failed to resolve 'angoimoveis.com' ([Errno 11001] getaddrinfo failed)")) | tentativa 3
2026-07-05 19:04:14 [ERROR   ] piia — [AngoImóveis] Falha definitiva: https://angoimoveis.com/moradia-v5-no-projecto-nando-casa-azuis-bairro-sapo-2.-24483
2026-07-05 19:04:18 [WARNING ] piia — [AngoImóveis] Rede HTTPSConnectionPool(host='angoimoveis.com', port=443): Max retries exceeded with url: /vivenda-v7-na-urbanizacao-nova-vida-projecto-nova-vida.-24479 (Caused by NameResolutionError("HTTPSConnection(host='angoimoveis.com', port=443): Failed to resolve 'angoimoveis.com' ([Errno 11001] getaddrinfo failed)")) | tentativa 1
2026-07-05 19:04:23 [WARNING ] piia — [AngoImóveis] Rede HTTPSConnectionPool(host='angoimoveis.com', port=443): Max retries exceeded with url: /vivenda-v7-na-urbanizacao-nova-vida-projecto-nova-vida.-24479 (Caused by NameResolutionError("HTTPSConnection(host='angoimoveis.com', port=443): Failed to resolve 'angoimoveis.com' ([Errno 11001] getaddrinfo failed)")) | tentativa 2
2026-07-05 19:04:30 [WARNING ] piia — Rede HTTPSConnectionPool(host='www.angocasa.com', port=443): Max retries exceeded with url: /apartamento/t3/luanda/maculusso/vender-aparatamento-t3-no-maculusso-/0169133/ (Caused by ConnectTimeoutError(<HTTPSConnection(host='www.angocasa.com', port=443) at 0x1e20aaefc50>, 'Connection to www.angocasa.com timed out. (connect timeout=30)')) | t1
2026-07-05 19:04:33 [WARNING ] piia — [AngoImóveis] Rede HTTPSConnectionPool(host='angoimoveis.com', port=443): Max retries exceeded with url: /vivenda-v7-na-urbanizacao-nova-vida-projecto-nova-vida.-24479 (Caused by NameResolutionError("HTTPSConnection(host='angoimoveis.com', port=443): Failed to resolve 'angoimoveis.com' ([Errno 11001] getaddrinfo failed)")) | tentativa 3
2026-07-05 19:04:33 [ERROR   ] piia — [AngoImóveis] Falha definitiva: https://angoimoveis.com/vivenda-v7-na-urbanizacao-nova-vida-projecto-nova-vida.-24479
2026-07-05 19:04:37 [WARNING ] piia — [AngoImóveis] Rede HTTPSConnectionPool(host='angoimoveis.com', port=443): Max retries exceeded with url: /moradia-v31-mobilada-no-condominio-kyanda-talatona.-24470 (Caused by NameResolutionError("HTTPSConnection(host='angoimoveis.com', port=443): Failed to resolve 'angoimoveis.com' ([Errno 11001] getaddrinfo failed)")) | tentativa 1
2026-07-05 19:04:42 [WARNING ] piia — [AngoImóveis] Rede HTTPSConnectionPool(host='angoimoveis.com', port=443): Max retries exceeded with url: /moradia-v31-mobilada-no-condominio-kyanda-talatona.-24470 (Caused by NameResolutionError("HTTPSConnection(host='angoimoveis.com', port=443): Failed to resolve 'angoimoveis.com' ([Errno 11001] getaddrinfo failed)")) | tentativa 2
2026-07-05 19:04:52 [WARNING ] piia — [AngoImóveis] Rede HTTPSConnectionPool(host='angoimoveis.com', port=443): Max retries exceeded with url: /moradia-v31-mobilada-no-condominio-kyanda-talatona.-24470 (Caused by NameResolutionError("HTTPSConnection(host='angoimoveis.com', port=443): Failed to resolve 'angoimoveis.com' ([Errno 11001] getaddrinfo failed)")) | tentativa 3
2026-07-05 19:04:52 [ERROR   ] piia — [AngoImóveis] Falha definitiva: https://angoimoveis.com/moradia-v31-mobilada-no-condominio-kyanda-talatona.-24470
2026-07-05 19:04:56 [WARNING ] piia — Rede HTTPSConnectionPool(host='www.angocasa.com', port=443): Max retries exceeded with url: /apartamento/t3/luanda/maculusso/vender-aparatamento-t3-no-maculusso-/0169133/ (Caused by ConnectTimeoutError(<HTTPSConnection(host='www.angocasa.com', port=443) at 0x1e20e6d2ad0>, 'Connection to www.angocasa.com timed out. (connect timeout=30)')) | t2
2026-07-05 19:04:56 [WARNING ] piia — [AngoImóveis] Rede HTTPSConnectionPool(host='angoimoveis.com', port=443): Max retries exceeded with url: /moradia-t4-no-condominio-parque-das-acacias-camama.-24452 (Caused by NameResolutionError("HTTPSConnection(host='angoimoveis.com', port=443): Failed to resolve 'angoimoveis.com' ([Errno 11001] getaddrinfo failed)")) | tentativa 1
2026-07-05 19:05:01 [WARNING ] piia — [AngoImóveis] Rede HTTPSConnectionPool(host='angoimoveis.com', port=443): Max retries exceeded with url: /moradia-t4-no-condominio-parque-das-acacias-camama.-24452 (Caused by NameResolutionError("HTTPSConnection(host='angoimoveis.com', port=443): Failed to resolve 'angoimoveis.com' ([Errno 11001] getaddrinfo failed)")) | tentativa 2
2026-07-05 19:05:11 [WARNING ] piia — [AngoImóveis] Rede HTTPSConnectionPool(host='angoimoveis.com', port=443): Max retries exceeded with url: /moradia-t4-no-condominio-parque-das-acacias-camama.-24452 (Caused by NameResolutionError("HTTPSConnection(host='angoimoveis.com', port=443): Failed to resolve 'angoimoveis.com' ([Errno 11001] getaddrinfo failed)")) | tentativa 3
2026-07-05 19:05:11 [ERROR   ] piia — [AngoImóveis] Falha definitiva: https://angoimoveis.com/moradia-t4-no-condominio-parque-das-acacias-camama.-24452
2026-07-05 19:05:16 [WARNING ] piia — [AngoImóveis] Rede HTTPSConnectionPool(host='angoimoveis.com', port=443): Max retries exceeded with url: /apartamento-t3-no-condominio-talatona-plaza-residence-talatona.-24451 (Caused by NameResolutionError("HTTPSConnection(host='angoimoveis.com', port=443): Failed to resolve 'angoimoveis.com' ([Errno 11001] getaddrinfo failed)")) | tentativa 1
2026-07-05 19:05:21 [WARNING ] piia — [AngoImóveis] Rede HTTPSConnectionPool(host='angoimoveis.com', port=443): Max retries exceeded with url: /apartamento-t3-no-condominio-talatona-plaza-residence-talatona.-24451 (Caused by NameResolutionError("HTTPSConnection(host='angoimoveis.com', port=443): Failed to resolve 'angoimoveis.com' ([Errno 11001] getaddrinfo failed)")) | tentativa 2
2026-07-05 19:05:27 [WARNING ] piia — Rede HTTPSConnectionPool(host='www.angocasa.com', port=443): Max retries exceeded with url: /apartamento/t3/luanda/maculusso/vender-aparatamento-t3-no-maculusso-/0169133/ (Caused by ConnectTimeoutError(<HTTPSConnection(host='www.angocasa.com', port=443) at 0x1e20d7de5d0>, 'Connection to www.angocasa.com timed out. (connect timeout=30)')) | t3
2026-07-05 19:05:27 [ERROR   ] piia — Falha definitiva: https://www.angocasa.com/apartamento/t3/luanda/maculusso/vender-aparatamento-t3-no-maculusso-/0169133/
2026-07-05 19:05:31 [WARNING ] piia — [AngoImóveis] Rede HTTPSConnectionPool(host='angoimoveis.com', port=443): Max retries exceeded with url: /apartamento-t3-no-condominio-talatona-plaza-residence-talatona.-24451 (Caused by NameResolutionError("HTTPSConnection(host='angoimoveis.com', port=443): Failed to resolve 'angoimoveis.com' ([Errno 11001] getaddrinfo failed)")) | tentativa 3
2026-07-05 19:05:31 [ERROR   ] piia — [AngoImóveis] Falha definitiva: https://angoimoveis.com/apartamento-t3-no-condominio-talatona-plaza-residence-talatona.-24451
2026-07-05 19:05:37 [WARNING ] piia — [AngoImóveis] Rede HTTPSConnectionPool(host='angoimoveis.com', port=443): Max retries exceeded with url: /vivenda-v4-com-anexo-e-piscina-mobiliada-no-condominio-dalm-talatona.-24450 (Caused by NameResolutionError("HTTPSConnection(host='angoimoveis.com', port=443): Failed to resolve 'angoimoveis.com' ([Errno 11001] getaddrinfo failed)")) | tentativa 1
2026-07-05 19:05:42 [WARNING ] piia — [AngoImóveis] Rede HTTPSConnectionPool(host='angoimoveis.com', port=443): Max retries exceeded with url: /vivenda-v4-com-anexo-e-piscina-mobiliada-no-condominio-dalm-talatona.-24450 (Caused by NameResolutionError("HTTPSConnection(host='angoimoveis.com', port=443): Failed to resolve 'angoimoveis.com' ([Errno 11001] getaddrinfo failed)")) | tentativa 2
2026-07-05 19:05:52 [WARNING ] piia — [AngoImóveis] Rede HTTPSConnectionPool(host='angoimoveis.com', port=443): Max retries exceeded with url: /vivenda-v4-com-anexo-e-piscina-mobiliada-no-condominio-dalm-talatona.-24450 (Caused by NameResolutionError("HTTPSConnection(host='angoimoveis.com', port=443): Failed to resolve 'angoimoveis.com' ([Errno 11001] getaddrinfo failed)")) | tentativa 3
2026-07-05 19:05:52 [ERROR   ] piia — [AngoImóveis] Falha definitiva: https://angoimoveis.com/vivenda-v4-com-anexo-e-piscina-mobiliada-no-condominio-dalm-talatona.-24450
2026-07-05 19:05:52 [WARNING ] piia — Rede HTTPSConnectionPool(host='www.angocasa.com', port=443): Max retries exceeded with url: /apartamento/t2/luanda/cazenga/vender-apartamento-t2-no-cazenga/0169128/ (Caused by ConnectTimeoutError(<HTTPSConnection(host='www.angocasa.com', port=443) at 0x1e20ab71590>, 'Connection to www.angocasa.com timed out. (connect timeout=30)')) | t1
2026-07-05 19:05:56 [WARNING ] piia — [AngoImóveis] Rede HTTPSConnectionPool(host='angoimoveis.com', port=443): Max retries exceeded with url: /apartamento-t31-na-centraliade-do-kilamba.-24446 (Caused by NameResolutionError("HTTPSConnection(host='angoimoveis.com', port=443): Failed to resolve 'angoimoveis.com' ([Errno 11001] getaddrinfo failed)")) | tentativa 1
2026-07-05 19:06:01 [WARNING ] piia — [AngoImóveis] Rede HTTPSConnectionPool(host='angoimoveis.com', port=443): Max retries exceeded with url: /apartamento-t31-na-centraliade-do-kilamba.-24446 (Caused by NameResolutionError("HTTPSConnection(host='angoimoveis.com', port=443): Failed to resolve 'angoimoveis.com' ([Errno 11001] getaddrinfo failed)")) | tentativa 2
2026-07-05 19:06:11 [WARNING ] piia — [AngoImóveis] Rede HTTPSConnectionPool(host='angoimoveis.com', port=443): Max retries exceeded with url: /apartamento-t31-na-centraliade-do-kilamba.-24446 (Caused by NameResolutionError("HTTPSConnection(host='angoimoveis.com', port=443): Failed to resolve 'angoimoveis.com' ([Errno 11001] getaddrinfo failed)")) | tentativa 3
2026-07-05 19:06:11 [ERROR   ] piia — [AngoImóveis] Falha definitiva: https://angoimoveis.com/apartamento-t31-na-centraliade-do-kilamba.-24446
2026-07-05 19:06:16 [WARNING ] piia — [AngoImóveis] Rede HTTPSConnectionPool(host='angoimoveis.com', port=443): Max retries exceeded with url: /apartamento-t4-no-condominio-acquaville-talatona.-24440 (Caused by NameResolutionError("HTTPSConnection(host='angoimoveis.com', port=443): Failed to resolve 'angoimoveis.com' ([Errno 11001] getaddrinfo failed)")) | tentativa 1
2026-07-05 19:06:18 [WARNING ] piia — Rede HTTPSConnectionPool(host='www.angocasa.com', port=443): Max retries exceeded with url: /apartamento/t2/luanda/cazenga/vender-apartamento-t2-no-cazenga/0169128/ (Caused by ConnectTimeoutError(<HTTPSConnection(host='www.angocasa.com', port=443) at 0x1e20c40ca50>, 'Connection to www.angocasa.com timed out. (connect timeout=30)')) | t2
2026-07-05 19:06:21 [WARNING ] piia — [AngoImóveis] Rede HTTPSConnectionPool(host='angoimoveis.com', port=443): Max retries exceeded with url: /apartamento-t4-no-condominio-acquaville-talatona.-24440 (Caused by NameResolutionError("HTTPSConnection(host='angoimoveis.com', port=443): Failed to resolve 'angoimoveis.com' ([Errno 11001] getaddrinfo failed)")) | tentativa 2
2026-07-05 19:06:31 [WARNING ] piia — [AngoImóveis] Rede HTTPSConnectionPool(host='angoimoveis.com', port=443): Max retries exceeded with url: /apartamento-t4-no-condominio-acquaville-talatona.-24440 (Caused by NameResolutionError("HTTPSConnection(host='angoimoveis.com', port=443): Failed to resolve 'angoimoveis.com' ([Errno 11001] getaddrinfo failed)")) | tentativa 3
2026-07-05 19:06:31 [ERROR   ] piia — [AngoImóveis] Falha definitiva: https://angoimoveis.com/apartamento-t4-no-condominio-acquaville-talatona.-24440
2026-07-05 19:06:35 [WARNING ] piia — [AngoImóveis] Rede HTTPSConnectionPool(host='angoimoveis.com', port=443): Max retries exceeded with url: /escritorio-oo-lar-do-patriota-defronte-ao-intermarket-benfica.-24430 (Caused by NameResolutionError("HTTPSConnection(host='angoimoveis.com', port=443): Failed to resolve 'angoimoveis.com' ([Errno 11001] getaddrinfo failed)")) | tentativa 1
2026-07-05 19:06:40 [WARNING ] piia — [AngoImóveis] Rede HTTPSConnectionPool(host='angoimoveis.com', port=443): Max retries exceeded with url: /escritorio-oo-lar-do-patriota-defronte-ao-intermarket-benfica.-24430 (Caused by NameResolutionError("HTTPSConnection(host='angoimoveis.com', port=443): Failed to resolve 'angoimoveis.com' ([Errno 11001] getaddrinfo failed)")) | tentativa 2
2026-07-05 19:06:49 [WARNING ] piia — Rede HTTPSConnectionPool(host='www.angocasa.com', port=443): Max retries exceeded with url: /apartamento/t2/luanda/cazenga/vender-apartamento-t2-no-cazenga/0169128/ (Caused by ConnectTimeoutError(<HTTPSConnection(host='www.angocasa.com', port=443) at 0x1e20c40c7d0>, 'Connection to www.angocasa.com timed out. (connect timeout=30)')) | t3
2026-07-05 19:06:49 [ERROR   ] piia — Falha definitiva: https://www.angocasa.com/apartamento/t2/luanda/cazenga/vender-apartamento-t2-no-cazenga/0169128/
2026-07-05 19:06:50 [WARNING ] piia — [AngoImóveis] Rede HTTPSConnectionPool(host='angoimoveis.com', port=443): Max retries exceeded with url: /escritorio-oo-lar-do-patriota-defronte-ao-intermarket-benfica.-24430 (Caused by NameResolutionError("HTTPSConnection(host='angoimoveis.com', port=443): Failed to resolve 'angoimoveis.com' ([Errno 11001] getaddrinfo failed)")) | tentativa 3
2026-07-05 19:06:50 [ERROR   ] piia — [AngoImóveis] Falha definitiva: https://angoimoveis.com/escritorio-oo-lar-do-patriota-defronte-ao-intermarket-benfica.-24430
2026-07-05 19:06:55 [WARNING ] piia — [AngoImóveis] Rede HTTPSConnectionPool(host='angoimoveis.com', port=443): Max retries exceeded with url: /vivenda-v4-no-condominio-perola-talatona.-24414 (Caused by NameResolutionError("HTTPSConnection(host='angoimoveis.com', port=443): Failed to resolve 'angoimoveis.com' ([Errno 11001] getaddrinfo failed)")) | tentativa 1
2026-07-05 19:07:00 [WARNING ] piia — [AngoImóveis] Rede HTTPSConnectionPool(host='angoimoveis.com', port=443): Max retries exceeded with url: /vivenda-v4-no-condominio-perola-talatona.-24414 (Caused by NameResolutionError("HTTPSConnection(host='angoimoveis.com', port=443): Failed to resolve 'angoimoveis.com' ([Errno 11001] getaddrinfo failed)")) | tentativa 2
2026-07-05 19:07:10 [WARNING ] piia — [AngoImóveis] Rede HTTPSConnectionPool(host='angoimoveis.com', port=443): Max retries exceeded with url: /vivenda-v4-no-condominio-perola-talatona.-24414 (Caused by NameResolutionError("HTTPSConnection(host='angoimoveis.com', port=443): Failed to resolve 'angoimoveis.com' ([Errno 11001] getaddrinfo failed)")) | tentativa 3
2026-07-05 19:07:10 [ERROR   ] piia — [AngoImóveis] Falha definitiva: https://angoimoveis.com/vivenda-v4-no-condominio-perola-talatona.-24414
2026-07-05 19:07:13 [WARNING ] piia — [AngoImóveis] Rede HTTPSConnectionPool(host='angoimoveis.com', port=443): Max retries exceeded with url: /apartamento-t3-no-r-c-do-condominio-vale-dos-passaros-24412 (Caused by NameResolutionError("HTTPSConnection(host='angoimoveis.com', port=443): Failed to resolve 'angoimoveis.com' ([Errno 11001] getaddrinfo failed)")) | tentativa 1
2026-07-05 19:07:15 [WARNING ] piia — Rede HTTPSConnectionPool(host='www.angocasa.com', port=443): Max retries exceeded with url: /vivenda/v3/luanda/maianga/vender-vivenda-v3-no-martires-do-kifangondo-rua-14-/0169101/ (Caused by ConnectTimeoutError(<HTTPSConnection(host='www.angocasa.com', port=443) at 0x1e20f877610>, 'Connection to www.angocasa.com timed out. (connect timeout=30)')) | t1
2026-07-05 19:07:18 [WARNING ] piia — [AngoImóveis] Rede HTTPSConnectionPool(host='angoimoveis.com', port=443): Max retries exceeded with url: /apartamento-t3-no-r-c-do-condominio-vale-dos-passaros-24412 (Caused by NameResolutionError("HTTPSConnection(host='angoimoveis.com', port=443): Failed to resolve 'angoimoveis.com' ([Errno 11001] getaddrinfo failed)")) | tentativa 2
2026-07-05 19:07:28 [WARNING ] piia — [AngoImóveis] Rede HTTPSConnectionPool(host='angoimoveis.com', port=443): Max retries exceeded with url: /apartamento-t3-no-r-c-do-condominio-vale-dos-passaros-24412 (Caused by NameResolutionError("HTTPSConnection(host='angoimoveis.com', port=443): Failed to resolve 'angoimoveis.com' ([Errno 11001] getaddrinfo failed)")) | tentativa 3
2026-07-05 19:07:28 [ERROR   ] piia — [AngoImóveis] Falha definitiva: https://angoimoveis.com/apartamento-t3-no-r-c-do-condominio-vale-dos-passaros-24412
2026-07-05 19:07:34 [WARNING ] piia — [AngoImóveis] Rede HTTPSConnectionPool(host='angoimoveis.com', port=443): Max retries exceeded with url: /03-escritorios-nos-edificios-imporafrica-rua-kwame-nkrumah-maculusso.-24408 (Caused by NameResolutionError("HTTPSConnection(host='angoimoveis.com', port=443): Failed to resolve 'angoimoveis.com' ([Errno 11001] getaddrinfo failed)")) | tentativa 1
2026-07-05 19:07:39 [WARNING ] piia — [AngoImóveis] Rede HTTPSConnectionPool(host='angoimoveis.com', port=443): Max retries exceeded with url: /03-escritorios-nos-edificios-imporafrica-rua-kwame-nkrumah-maculusso.-24408 (Caused by NameResolutionError("HTTPSConnection(host='angoimoveis.com', port=443): Failed to resolve 'angoimoveis.com' ([Errno 11001] getaddrinfo failed)")) | tentativa 2
2026-07-05 19:07:41 [WARNING ] piia — Rede HTTPSConnectionPool(host='www.angocasa.com', port=443): Max retries exceeded with url: /vivenda/v3/luanda/maianga/vender-vivenda-v3-no-martires-do-kifangondo-rua-14-/0169101/ (Caused by ConnectTimeoutError(<HTTPSConnection(host='www.angocasa.com', port=443) at 0x1e20e6d07d0>, 'Connection to www.angocasa.com timed out. (connect timeout=30)')) | t2
2026-07-05 19:07:49 [WARNING ] piia — [AngoImóveis] Rede HTTPSConnectionPool(host='angoimoveis.com', port=443): Max retries exceeded with url: /03-escritorios-nos-edificios-imporafrica-rua-kwame-nkrumah-maculusso.-24408 (Caused by NameResolutionError("HTTPSConnection(host='angoimoveis.com', port=443): Failed to resolve 'angoimoveis.com' ([Errno 11001] getaddrinfo failed)")) | tentativa 3
2026-07-05 19:07:49 [ERROR   ] piia — [AngoImóveis] Falha definitiva: https://angoimoveis.com/03-escritorios-nos-edificios-imporafrica-rua-kwame-nkrumah-maculusso.-24408
2026-07-05 19:07:54 [WARNING ] piia — [AngoImóveis] Rede HTTPSConnectionPool(host='angoimoveis.com', port=443): Max retries exceeded with url: /vivenda-v3-na-urbanizacao-lar-do-patriota-benfica.-24406 (Caused by NameResolutionError("HTTPSConnection(host='angoimoveis.com', port=443): Failed to resolve 'angoimoveis.com' ([Errno 11001] getaddrinfo failed)")) | tentativa 1
2026-07-05 19:07:59 [WARNING ] piia — [AngoImóveis] Rede HTTPSConnectionPool(host='angoimoveis.com', port=443): Max retries exceeded with url: /vivenda-v3-na-urbanizacao-lar-do-patriota-benfica.-24406 (Caused by NameResolutionError("HTTPSConnection(host='angoimoveis.com', port=443): Failed to resolve 'angoimoveis.com' ([Errno 11001] getaddrinfo failed)")) | tentativa 2
2026-07-05 19:08:09 [WARNING ] piia — [AngoImóveis] Rede HTTPSConnectionPool(host='angoimoveis.com', port=443): Max retries exceeded with url: /vivenda-v3-na-urbanizacao-lar-do-patriota-benfica.-24406 (Caused by NameResolutionError("HTTPSConnection(host='angoimoveis.com', port=443): Failed to resolve 'angoimoveis.com' ([Errno 11001] getaddrinfo failed)")) | tentativa 3
2026-07-05 19:08:09 [ERROR   ] piia — [AngoImóveis] Falha definitiva: https://angoimoveis.com/vivenda-v3-na-urbanizacao-lar-do-patriota-benfica.-24406
2026-07-05 19:08:12 [WARNING ] piia — Rede HTTPSConnectionPool(host='www.angocasa.com', port=443): Max retries exceeded with url: /vivenda/v3/luanda/maianga/vender-vivenda-v3-no-martires-do-kifangondo-rua-14-/0169101/ (Caused by ConnectTimeoutError(<HTTPSConnection(host='www.angocasa.com', port=443) at 0x1e20f874410>, 'Connection to www.angocasa.com timed out. (connect timeout=30)')) | t3
2026-07-05 19:08:12 [ERROR   ] piia — Falha definitiva: https://www.angocasa.com/vivenda/v3/luanda/maianga/vender-vivenda-v3-no-martires-do-kifangondo-rua-14-/0169101/
2026-07-05 19:08:15 [WARNING ] piia — [AngoImóveis] Rede HTTPSConnectionPool(host='angoimoveis.com', port=443): Max retries exceeded with url: /vivenda-v3-terrea-na-urbanizacao-boa-vida-via-expressa.-24405 (Caused by NameResolutionError("HTTPSConnection(host='angoimoveis.com', port=443): Failed to resolve 'angoimoveis.com' ([Errno 11001] getaddrinfo failed)")) | tentativa 1
2026-07-05 19:08:20 [WARNING ] piia — [AngoImóveis] Rede HTTPSConnectionPool(host='angoimoveis.com', port=443): Max retries exceeded with url: /vivenda-v3-terrea-na-urbanizacao-boa-vida-via-expressa.-24405 (Caused by NameResolutionError("HTTPSConnection(host='angoimoveis.com', port=443): Failed to resolve 'angoimoveis.com' ([Errno 11001] getaddrinfo failed)")) | tentativa 2
2026-07-05 19:08:30 [WARNING ] piia — [AngoImóveis] Rede HTTPSConnectionPool(host='angoimoveis.com', port=443): Max retries exceeded with url: /vivenda-v3-terrea-na-urbanizacao-boa-vida-via-expressa.-24405 (Caused by NameResolutionError("HTTPSConnection(host='angoimoveis.com', port=443): Failed to resolve 'angoimoveis.com' ([Errno 11001] getaddrinfo failed)")) | tentativa 3
2026-07-05 19:08:30 [ERROR   ] piia — [AngoImóveis] Falha definitiva: https://angoimoveis.com/vivenda-v3-terrea-na-urbanizacao-boa-vida-via-expressa.-24405
2026-07-05 19:08:30 [INFO    ] piia —     AngoImóveis pág 7/10: 12 extraídos (acum.: 217)
2026-07-05 19:08:33 [WARNING ] piia — [AngoImóveis] Rede HTTPSConnectionPool(host='angoimoveis.com', port=443): Max retries exceeded with url: /category/alugar?page=8 (Caused by NameResolutionError("HTTPSConnection(host='angoimoveis.com', port=443): Failed to resolve 'angoimoveis.com' ([Errno 11001] getaddrinfo failed)")) | tentativa 1
2026-07-05 19:08:38 [WARNING ] piia — [AngoImóveis] Rede HTTPSConnectionPool(host='angoimoveis.com', port=443): Max retries exceeded with url: /category/alugar?page=8 (Caused by NameResolutionError("HTTPSConnection(host='angoimoveis.com', port=443): Failed to resolve 'angoimoveis.com' ([Errno 11001] getaddrinfo failed)")) | tentativa 2
2026-07-05 19:08:38 [WARNING ] piia — Rede HTTPSConnectionPool(host='www.angocasa.com', port=443): Max retries exceeded with url: /terreno/luanda/mussulo/vender-terreno-de-3.150-m-na-ilha-do-mussulo/0169071/ (Caused by ConnectTimeoutError(<HTTPSConnection(host='www.angocasa.com', port=443) at 0x1e20f877390>, 'Connection to www.angocasa.com timed out. (connect timeout=30)')) | t1
2026-07-05 19:08:48 [WARNING ] piia — [AngoImóveis] Rede HTTPSConnectionPool(host='angoimoveis.com', port=443): Max retries exceeded with url: /category/alugar?page=8 (Caused by NameResolutionError("HTTPSConnection(host='angoimoveis.com', port=443): Failed to resolve 'angoimoveis.com' ([Errno 11001] getaddrinfo failed)")) | tentativa 3
2026-07-05 19:08:48 [ERROR   ] piia — [AngoImóveis] Falha definitiva: https://angoimoveis.com/category/alugar?page=8
2026-07-05 19:08:48 [WARNING ] piia —     [AngoImóveis] Sem resposta na pág 8 — parar.
2026-07-05 19:08:48 [INFO    ] piia —   ✔ AngoImóveis: 992 anúncios total
2026-07-05 19:08:48 [INFO    ] piia — ✅ Base de dados OK.
2026-07-05 19:09:04 [WARNING ] piia — Rede HTTPSConnectionPool(host='www.angocasa.com', port=443): Max retries exceeded with url: /terreno/luanda/mussulo/vender-terreno-de-3.150-m-na-ilha-do-mussulo/0169071/ (Caused by ConnectTimeoutError(<HTTPSConnection(host='www.angocasa.com', port=443) at 0x1e20c40d450>, 'Connection to www.angocasa.com timed out. (connect timeout=30)')) | t2
2026-07-05 19:09:19 [ERROR   ] piia — Erro upsert https://angoimoveis.com/t2t1-25039: Python int too large to convert to SQLite INTEGER
2026-07-05 19:09:35 [WARNING ] piia — Rede HTTPSConnectionPool(host='www.angocasa.com', port=443): Max retries exceeded with url: /terreno/luanda/mussulo/vender-terreno-de-3.150-m-na-ilha-do-mussulo/0169071/ (Caused by ConnectTimeoutError(<HTTPSConnection(host='www.angocasa.com', port=443) at 0x1e20c40e850>, 'Connection to www.angocasa.com timed out. (connect timeout=30)')) | t3
2026-07-05 19:09:35 [ERROR   ] piia — Falha definitiva: https://www.angocasa.com/terreno/luanda/mussulo/vender-terreno-de-3.150-m-na-ilha-do-mussulo/0169071/
2026-07-05 19:10:02 [WARNING ] piia — Rede HTTPSConnectionPool(host='www.angocasa.com', port=443): Max retries exceeded with url: /vivenda/v5/luanda/camama/vender-vivenda-v5-no-condominio-bpc-camama-/0169050/ (Caused by ConnectTimeoutError(<HTTPSConnection(host='www.angocasa.com', port=443) at 0x1e20c40e350>, 'Connection to www.angocasa.com timed out. (connect timeout=30)')) | t1
2026-07-05 19:10:28 [WARNING ] piia — Rede HTTPSConnectionPool(host='www.angocasa.com', port=443): Max retries exceeded with url: /vivenda/v5/luanda/camama/vender-vivenda-v5-no-condominio-bpc-camama-/0169050/ (Caused by ConnectTimeoutError(<HTTPSConnection(host='www.angocasa.com', port=443) at 0x1e20c40cb90>, 'Connection to www.angocasa.com timed out. (connect timeout=30)')) | t2
2026-07-05 19:10:59 [WARNING ] piia — Rede HTTPSConnectionPool(host='www.angocasa.com', port=443): Max retries exceeded with url: /vivenda/v5/luanda/camama/vender-vivenda-v5-no-condominio-bpc-camama-/0169050/ (Caused by ConnectTimeoutError(<HTTPSConnection(host='www.angocasa.com', port=443) at 0x1e20c40f890>, 'Connection to www.angocasa.com timed out. (connect timeout=30)')) | t3
2026-07-05 19:10:59 [ERROR   ] piia — Falha definitiva: https://www.angocasa.com/vivenda/v5/luanda/camama/vender-vivenda-v5-no-condominio-bpc-camama-/0169050/
2026-07-05 19:11:28 [WARNING ] piia — Rede HTTPSConnectionPool(host='www.angocasa.com', port=443): Max retries exceeded with url: /vivenda/v4/luanda/talatona/vender-vivenda-v4-no-condominio-dalm-residencial-talatona/0169025/ (Caused by ConnectTimeoutError(<HTTPSConnection(host='www.angocasa.com', port=443) at 0x1e20ab72ad0>, 'Connection to www.angocasa.com timed out. (connect timeout=30)')) | t1
2026-07-05 19:11:54 [WARNING ] piia — Rede HTTPSConnectionPool(host='www.angocasa.com', port=443): Max retries exceeded with url: /vivenda/v4/luanda/talatona/vender-vivenda-v4-no-condominio-dalm-residencial-talatona/0169025/ (Caused by ConnectTimeoutError(<HTTPSConnection(host='www.angocasa.com', port=443) at 0x1e20aaef890>, 'Connection to www.angocasa.com timed out. (connect timeout=30)')) | t2
2026-07-05 19:12:04 [WARNING ] piia — Rede HTTPSConnectionPool(host='www.angocasa.com', port=443): Max retries exceeded with url: /vivenda/v4/luanda/talatona/vender-vivenda-v4-no-condominio-dalm-residencial-talatona/0169025/ (Caused by NameResolutionError("HTTPSConnection(host='www.angocasa.com', port=443): Failed to resolve 'www.angocasa.com' ([Errno 11001] getaddrinfo failed)")) | t3
2026-07-05 19:12:04 [ERROR   ] piia — Falha definitiva: https://www.angocasa.com/vivenda/v4/luanda/talatona/vender-vivenda-v4-no-condominio-dalm-residencial-talatona/0169025/
2026-07-05 19:12:10 [WARNING ] piia — Rede HTTPSConnectionPool(host='www.angocasa.com', port=443): Max retries exceeded with url: /vivenda/v3/luanda/alvalade/vender-vivenda-v3-1-no-alvalade-/0168988/ (Caused by NameResolutionError("HTTPSConnection(host='www.angocasa.com', port=443): Failed to resolve 'www.angocasa.com' ([Errno 11001] getaddrinfo failed)")) | t1
2026-07-05 19:12:15 [WARNING ] piia — Rede HTTPSConnectionPool(host='www.angocasa.com', port=443): Max retries exceeded with url: /vivenda/v3/luanda/alvalade/vender-vivenda-v3-1-no-alvalade-/0168988/ (Caused by NameResolutionError("HTTPSConnection(host='www.angocasa.com', port=443): Failed to resolve 'www.angocasa.com' ([Errno 11001] getaddrinfo failed)")) | t2
2026-07-05 19:12:25 [WARNING ] piia — Rede HTTPSConnectionPool(host='www.angocasa.com', port=443): Max retries exceeded with url: /vivenda/v3/luanda/alvalade/vender-vivenda-v3-1-no-alvalade-/0168988/ (Caused by NameResolutionError("HTTPSConnection(host='www.angocasa.com', port=443): Failed to resolve 'www.angocasa.com' ([Errno 11001] getaddrinfo failed)")) | t3
2026-07-05 19:12:25 [ERROR   ] piia — Falha definitiva: https://www.angocasa.com/vivenda/v3/luanda/alvalade/vender-vivenda-v3-1-no-alvalade-/0168988/
2026-07-05 19:12:29 [WARNING ] piia — Rede HTTPSConnectionPool(host='www.angocasa.com', port=443): Max retries exceeded with url: /vivenda/v4/luanda/cassenda/vender-vivenda-v4-no-cassenda-maianga-/0168981/ (Caused by NameResolutionError("HTTPSConnection(host='www.angocasa.com', port=443): Failed to resolve 'www.angocasa.com' ([Errno 11001] getaddrinfo failed)")) | t1
2026-07-05 19:12:34 [WARNING ] piia — Rede HTTPSConnectionPool(host='www.angocasa.com', port=443): Max retries exceeded with url: /vivenda/v4/luanda/cassenda/vender-vivenda-v4-no-cassenda-maianga-/0168981/ (Caused by NameResolutionError("HTTPSConnection(host='www.angocasa.com', port=443): Failed to resolve 'www.angocasa.com' ([Errno 11001] getaddrinfo failed)")) | t2
2026-07-05 19:12:44 [WARNING ] piia — Rede HTTPSConnectionPool(host='www.angocasa.com', port=443): Max retries exceeded with url: /vivenda/v4/luanda/cassenda/vender-vivenda-v4-no-cassenda-maianga-/0168981/ (Caused by NameResolutionError("HTTPSConnection(host='www.angocasa.com', port=443): Failed to resolve 'www.angocasa.com' ([Errno 11001] getaddrinfo failed)")) | t3
2026-07-05 19:12:44 [ERROR   ] piia — Falha definitiva: https://www.angocasa.com/vivenda/v4/luanda/cassenda/vender-vivenda-v4-no-cassenda-maianga-/0168981/
2026-07-05 19:12:48 [WARNING ] piia — Rede HTTPSConnectionPool(host='www.angocasa.com', port=443): Max retries exceeded with url: /vivenda/v3/luanda/camama/vender-vivenda-v3-1-no-condominio-jardim-do-eden-camama/0168980/ (Caused by NameResolutionError("HTTPSConnection(host='www.angocasa.com', port=443): Failed to resolve 'www.angocasa.com' ([Errno 11001] getaddrinfo failed)")) | t1
2026-07-05 19:12:53 [WARNING ] piia — Rede HTTPSConnectionPool(host='www.angocasa.com', port=443): Max retries exceeded with url: /vivenda/v3/luanda/camama/vender-vivenda-v3-1-no-condominio-jardim-do-eden-camama/0168980/ (Caused by NameResolutionError("HTTPSConnection(host='www.angocasa.com', port=443): Failed to resolve 'www.angocasa.com' ([Errno 11001] getaddrinfo failed)")) | t2
2026-07-05 19:13:03 [WARNING ] piia — Rede HTTPSConnectionPool(host='www.angocasa.com', port=443): Max retries exceeded with url: /vivenda/v3/luanda/camama/vender-vivenda-v3-1-no-condominio-jardim-do-eden-camama/0168980/ (Caused by NameResolutionError("HTTPSConnection(host='www.angocasa.com', port=443): Failed to resolve 'www.angocasa.com' ([Errno 11001] getaddrinfo failed)")) | t3
2026-07-05 19:13:03 [ERROR   ] piia — Falha definitiva: https://www.angocasa.com/vivenda/v3/luanda/camama/vender-vivenda-v3-1-no-condominio-jardim-do-eden-camama/0168980/
2026-07-05 19:13:07 [WARNING ] piia — Rede HTTPSConnectionPool(host='www.angocasa.com', port=443): Max retries exceeded with url: /apartamento/t2/luanda/ingombota/vender-apartamento-t2-na-marginal-de-luanda-/0168977/ (Caused by NameResolutionError("HTTPSConnection(host='www.angocasa.com', port=443): Failed to resolve 'www.angocasa.com' ([Errno 11001] getaddrinfo failed)")) | t1
2026-07-05 19:13:12 [WARNING ] piia — Rede HTTPSConnectionPool(host='www.angocasa.com', port=443): Max retries exceeded with url: /apartamento/t2/luanda/ingombota/vender-apartamento-t2-na-marginal-de-luanda-/0168977/ (Caused by NameResolutionError("HTTPSConnection(host='www.angocasa.com', port=443): Failed to resolve 'www.angocasa.com' ([Errno 11001] getaddrinfo failed)")) | t2
2026-07-05 19:13:23 [WARNING ] piia — Rede HTTPSConnectionPool(host='www.angocasa.com', port=443): Max retries exceeded with url: /apartamento/t2/luanda/ingombota/vender-apartamento-t2-na-marginal-de-luanda-/0168977/ (Caused by NameResolutionError("HTTPSConnection(host='www.angocasa.com', port=443): Failed to resolve 'www.angocasa.com' ([Errno 11001] getaddrinfo failed)")) | t3
2026-07-05 19:13:23 [ERROR   ] piia — Falha definitiva: https://www.angocasa.com/apartamento/t2/luanda/ingombota/vender-apartamento-t2-na-marginal-de-luanda-/0168977/
2026-07-05 19:13:27 [WARNING ] piia — Rede HTTPSConnectionPool(host='www.angocasa.com', port=443): Max retries exceeded with url: /apartamento/t2/luanda/ingombota/vender-apartamento-t2-na-ingombota/0168976/ (Caused by NameResolutionError("HTTPSConnection(host='www.angocasa.com', port=443): Failed to resolve 'www.angocasa.com' ([Errno 11001] getaddrinfo failed)")) | t1
2026-07-05 19:13:32 [WARNING ] piia — Rede HTTPSConnectionPool(host='www.angocasa.com', port=443): Max retries exceeded with url: /apartamento/t2/luanda/ingombota/vender-apartamento-t2-na-ingombota/0168976/ (Caused by NameResolutionError("HTTPSConnection(host='www.angocasa.com', port=443): Failed to resolve 'www.angocasa.com' ([Errno 11001] getaddrinfo failed)")) | t2
2026-07-05 19:13:42 [WARNING ] piia — Rede HTTPSConnectionPool(host='www.angocasa.com', port=443): Max retries exceeded with url: /apartamento/t2/luanda/ingombota/vender-apartamento-t2-na-ingombota/0168976/ (Caused by NameResolutionError("HTTPSConnection(host='www.angocasa.com', port=443): Failed to resolve 'www.angocasa.com' ([Errno 11001] getaddrinfo failed)")) | t3
2026-07-05 19:13:42 [ERROR   ] piia — Falha definitiva: https://www.angocasa.com/apartamento/t2/luanda/ingombota/vender-apartamento-t2-na-ingombota/0168976/
2026-07-05 19:13:47 [WARNING ] piia — Rede HTTPSConnectionPool(host='www.angocasa.com', port=443): Max retries exceeded with url: /vivenda/v3/luanda/maianga/vender-vivenda-v3-duplex-na-maianga-luanda-/0168957/ (Caused by NameResolutionError("HTTPSConnection(host='www.angocasa.com', port=443): Failed to resolve 'www.angocasa.com' ([Errno 11001] getaddrinfo failed)")) | t1
2026-07-05 19:13:53 [WARNING ] piia — Rede HTTPSConnectionPool(host='www.angocasa.com', port=443): Max retries exceeded with url: /vivenda/v3/luanda/maianga/vender-vivenda-v3-duplex-na-maianga-luanda-/0168957/ (Caused by NameResolutionError("HTTPSConnection(host='www.angocasa.com', port=443): Failed to resolve 'www.angocasa.com' ([Errno 11001] getaddrinfo failed)")) | t2
2026-07-05 19:14:03 [WARNING ] piia — Rede HTTPSConnectionPool(host='www.angocasa.com', port=443): Max retries exceeded with url: /vivenda/v3/luanda/maianga/vender-vivenda-v3-duplex-na-maianga-luanda-/0168957/ (Caused by NameResolutionError("HTTPSConnection(host='www.angocasa.com', port=443): Failed to resolve 'www.angocasa.com' ([Errno 11001] getaddrinfo failed)")) | t3
2026-07-05 19:14:03 [ERROR   ] piia — Falha definitiva: https://www.angocasa.com/vivenda/v3/luanda/maianga/vender-vivenda-v3-duplex-na-maianga-luanda-/0168957/
2026-07-05 19:14:07 [WARNING ] piia — Rede HTTPSConnectionPool(host='www.angocasa.com', port=443): Max retries exceeded with url: /vivenda/v3/luanda/nova-vida-golfe/vender-vivenda-v3-3-duplex-no-nova-vida/0168949/ (Caused by NameResolutionError("HTTPSConnection(host='www.angocasa.com', port=443): Failed to resolve 'www.angocasa.com' ([Errno 11001] getaddrinfo failed)")) | t1
2026-07-05 19:14:13 [WARNING ] piia — Rede HTTPSConnectionPool(host='www.angocasa.com', port=443): Max retries exceeded with url: /vivenda/v3/luanda/nova-vida-golfe/vender-vivenda-v3-3-duplex-no-nova-vida/0168949/ (Caused by NameResolutionError("HTTPSConnection(host='www.angocasa.com', port=443): Failed to resolve 'www.angocasa.com' ([Errno 11001] getaddrinfo failed)")) | t2
2026-07-05 19:14:23 [WARNING ] piia — Rede HTTPSConnectionPool(host='www.angocasa.com', port=443): Max retries exceeded with url: /vivenda/v3/luanda/nova-vida-golfe/vender-vivenda-v3-3-duplex-no-nova-vida/0168949/ (Caused by NameResolutionError("HTTPSConnection(host='www.angocasa.com', port=443): Failed to resolve 'www.angocasa.com' ([Errno 11001] getaddrinfo failed)")) | t3
2026-07-05 19:14:23 [ERROR   ] piia — Falha definitiva: https://www.angocasa.com/vivenda/v3/luanda/nova-vida-golfe/vender-vivenda-v3-3-duplex-no-nova-vida/0168949/
2026-07-05 19:14:27 [WARNING ] piia — Rede HTTPSConnectionPool(host='www.angocasa.com', port=443): Max retries exceeded with url: /apartamento/t3/luanda/ingombota/vender-apartamento-t3-no-edificio-platinium-ingombota-/0168846/ (Caused by NameResolutionError("HTTPSConnection(host='www.angocasa.com', port=443): Failed to resolve 'www.angocasa.com' ([Errno 11001] getaddrinfo failed)")) | t1
2026-07-05 19:14:32 [WARNING ] piia — Rede HTTPSConnectionPool(host='www.angocasa.com', port=443): Max retries exceeded with url: /apartamento/t3/luanda/ingombota/vender-apartamento-t3-no-edificio-platinium-ingombota-/0168846/ (Caused by NameResolutionError("HTTPSConnection(host='www.angocasa.com', port=443): Failed to resolve 'www.angocasa.com' ([Errno 11001] getaddrinfo failed)")) | t2
2026-07-05 19:14:42 [WARNING ] piia — Rede HTTPSConnectionPool(host='www.angocasa.com', port=443): Max retries exceeded with url: /apartamento/t3/luanda/ingombota/vender-apartamento-t3-no-edificio-platinium-ingombota-/0168846/ (Caused by NameResolutionError("HTTPSConnection(host='www.angocasa.com', port=443): Failed to resolve 'www.angocasa.com' ([Errno 11001] getaddrinfo failed)")) | t3
2026-07-05 19:14:42 [ERROR   ] piia — Falha definitiva: https://www.angocasa.com/apartamento/t3/luanda/ingombota/vender-apartamento-t3-no-edificio-platinium-ingombota-/0168846/
2026-07-05 19:14:48 [WARNING ] piia — Rede HTTPSConnectionPool(host='www.angocasa.com', port=443): Max retries exceeded with url: /vivenda/v4/luanda/talatona/vender-vivenda-v4-duplex-no-condominio-perolas-de-talatona-/0168838/ (Caused by NameResolutionError("HTTPSConnection(host='www.angocasa.com', port=443): Failed to resolve 'www.angocasa.com' ([Errno 11001] getaddrinfo failed)")) | t1
2026-07-05 19:14:53 [WARNING ] piia — Rede HTTPSConnectionPool(host='www.angocasa.com', port=443): Max retries exceeded with url: /vivenda/v4/luanda/talatona/vender-vivenda-v4-duplex-no-condominio-perolas-de-talatona-/0168838/ (Caused by NameResolutionError("HTTPSConnection(host='www.angocasa.com', port=443): Failed to resolve 'www.angocasa.com' ([Errno 11001] getaddrinfo failed)")) | t2
2026-07-05 19:15:03 [WARNING ] piia — Rede HTTPSConnectionPool(host='www.angocasa.com', port=443): Max retries exceeded with url: /vivenda/v4/luanda/talatona/vender-vivenda-v4-duplex-no-condominio-perolas-de-talatona-/0168838/ (Caused by NameResolutionError("HTTPSConnection(host='www.angocasa.com', port=443): Failed to resolve 'www.angocasa.com' ([Errno 11001] getaddrinfo failed)")) | t3
2026-07-05 19:15:03 [ERROR   ] piia — Falha definitiva: https://www.angocasa.com/vivenda/v4/luanda/talatona/vender-vivenda-v4-duplex-no-condominio-perolas-de-talatona-/0168838/
2026-07-05 19:15:09 [WARNING ] piia — Rede HTTPSConnectionPool(host='www.angocasa.com', port=443): Max retries exceeded with url: /escritorio/luanda/kinaxixi/vender-escritorio-na-torre-escom/0168824/ (Caused by NameResolutionError("HTTPSConnection(host='www.angocasa.com', port=443): Failed to resolve 'www.angocasa.com' ([Errno 11001] getaddrinfo failed)")) | t1
2026-07-05 19:15:14 [WARNING ] piia — Rede HTTPSConnectionPool(host='www.angocasa.com', port=443): Max retries exceeded with url: /escritorio/luanda/kinaxixi/vender-escritorio-na-torre-escom/0168824/ (Caused by NameResolutionError("HTTPSConnection(host='www.angocasa.com', port=443): Failed to resolve 'www.angocasa.com' ([Errno 11001] getaddrinfo failed)")) | t2
2026-07-05 19:15:24 [WARNING ] piia — Rede HTTPSConnectionPool(host='www.angocasa.com', port=443): Max retries exceeded with url: /escritorio/luanda/kinaxixi/vender-escritorio-na-torre-escom/0168824/ (Caused by NameResolutionError("HTTPSConnection(host='www.angocasa.com', port=443): Failed to resolve 'www.angocasa.com' ([Errno 11001] getaddrinfo failed)")) | t3
2026-07-05 19:15:24 [ERROR   ] piia — Falha definitiva: https://www.angocasa.com/escritorio/luanda/kinaxixi/vender-escritorio-na-torre-escom/0168824/
2026-07-05 19:15:30 [WARNING ] piia — Rede HTTPSConnectionPool(host='www.angocasa.com', port=443): Max retries exceeded with url: /vivenda/v6/luanda/benfica-inclui-lar-do-patriota-/vender-moradia-v6-na-urbanizacao-lar-do-patriota-2.-fase-/0168772/ (Caused by NameResolutionError("HTTPSConnection(host='www.angocasa.com', port=443): Failed to resolve 'www.angocasa.com' ([Errno 11001] getaddrinfo failed)")) | t1
2026-07-05 19:15:35 [WARNING ] piia — Rede HTTPSConnectionPool(host='www.angocasa.com', port=443): Max retries exceeded with url: /vivenda/v6/luanda/benfica-inclui-lar-do-patriota-/vender-moradia-v6-na-urbanizacao-lar-do-patriota-2.-fase-/0168772/ (Caused by NameResolutionError("HTTPSConnection(host='www.angocasa.com', port=443): Failed to resolve 'www.angocasa.com' ([Errno 11001] getaddrinfo failed)")) | t2
2026-07-05 19:15:46 [WARNING ] piia — Rede HTTPSConnectionPool(host='www.angocasa.com', port=443): Max retries exceeded with url: /vivenda/v6/luanda/benfica-inclui-lar-do-patriota-/vender-moradia-v6-na-urbanizacao-lar-do-patriota-2.-fase-/0168772/ (Caused by NameResolutionError("HTTPSConnection(host='www.angocasa.com', port=443): Failed to resolve 'www.angocasa.com' ([Errno 11001] getaddrinfo failed)")) | t3
2026-07-05 19:15:46 [ERROR   ] piia — Falha definitiva: https://www.angocasa.com/vivenda/v6/luanda/benfica-inclui-lar-do-patriota-/vender-moradia-v6-na-urbanizacao-lar-do-patriota-2.-fase-/0168772/
2026-07-05 19:15:50 [WARNING ] piia — Rede HTTPSConnectionPool(host='www.angocasa.com', port=443): Max retries exceeded with url: /terreno/luanda/icolo-e-bengo/vender-terreno-de-12-hectares-no-kilometro-36-icolo-e-bengo-/0168763/ (Caused by NameResolutionError("HTTPSConnection(host='www.angocasa.com', port=443): Failed to resolve 'www.angocasa.com' ([Errno 11001] getaddrinfo failed)")) | t1
2026-07-05 19:15:55 [WARNING ] piia — Rede HTTPSConnectionPool(host='www.angocasa.com', port=443): Max retries exceeded with url: /terreno/luanda/icolo-e-bengo/vender-terreno-de-12-hectares-no-kilometro-36-icolo-e-bengo-/0168763/ (Caused by NameResolutionError("HTTPSConnection(host='www.angocasa.com', port=443): Failed to resolve 'www.angocasa.com' ([Errno 11001] getaddrinfo failed)")) | t2
2026-07-05 19:16:05 [WARNING ] piia — Rede HTTPSConnectionPool(host='www.angocasa.com', port=443): Max retries exceeded with url: /terreno/luanda/icolo-e-bengo/vender-terreno-de-12-hectares-no-kilometro-36-icolo-e-bengo-/0168763/ (Caused by NameResolutionError("HTTPSConnection(host='www.angocasa.com', port=443): Failed to resolve 'www.angocasa.com' ([Errno 11001] getaddrinfo failed)")) | t3
2026-07-05 19:16:05 [ERROR   ] piia — Falha definitiva: https://www.angocasa.com/terreno/luanda/icolo-e-bengo/vender-terreno-de-12-hectares-no-kilometro-36-icolo-e-bengo-/0168763/
2026-07-05 19:16:08 [WARNING ] piia — Rede HTTPSConnectionPool(host='www.angocasa.com', port=443): Max retries exceeded with url: /escritorio/luanda/maculusso/vender-escritorio-no-maculusso/0168735/ (Caused by NameResolutionError("HTTPSConnection(host='www.angocasa.com', port=443): Failed to resolve 'www.angocasa.com' ([Errno 11001] getaddrinfo failed)")) | t1
2026-07-05 19:16:13 [WARNING ] piia — Rede HTTPSConnectionPool(host='www.angocasa.com', port=443): Max retries exceeded with url: /escritorio/luanda/maculusso/vender-escritorio-no-maculusso/0168735/ (Caused by NameResolutionError("HTTPSConnection(host='www.angocasa.com', port=443): Failed to resolve 'www.angocasa.com' ([Errno 11001] getaddrinfo failed)")) | t2
2026-07-05 19:16:23 [WARNING ] piia — Rede HTTPSConnectionPool(host='www.angocasa.com', port=443): Max retries exceeded with url: /escritorio/luanda/maculusso/vender-escritorio-no-maculusso/0168735/ (Caused by NameResolutionError("HTTPSConnection(host='www.angocasa.com', port=443): Failed to resolve 'www.angocasa.com' ([Errno 11001] getaddrinfo failed)")) | t3
2026-07-05 19:16:23 [ERROR   ] piia — Falha definitiva: https://www.angocasa.com/escritorio/luanda/maculusso/vender-escritorio-no-maculusso/0168735/
2026-07-05 19:16:26 [WARNING ] piia — Rede HTTPSConnectionPool(host='www.angocasa.com', port=443): Max retries exceeded with url: /vivenda/v5/luanda/kilamba/vender-vivenda-v5-no-condominio-alvorecer-kilamba/0168721/ (Caused by NameResolutionError("HTTPSConnection(host='www.angocasa.com', port=443): Failed to resolve 'www.angocasa.com' ([Errno 11001] getaddrinfo failed)")) | t1
2026-07-05 19:16:31 [WARNING ] piia — Rede HTTPSConnectionPool(host='www.angocasa.com', port=443): Max retries exceeded with url: /vivenda/v5/luanda/kilamba/vender-vivenda-v5-no-condominio-alvorecer-kilamba/0168721/ (Caused by NameResolutionError("HTTPSConnection(host='www.angocasa.com', port=443): Failed to resolve 'www.angocasa.com' ([Errno 11001] getaddrinfo failed)")) | t2
2026-07-05 19:16:41 [WARNING ] piia — Rede HTTPSConnectionPool(host='www.angocasa.com', port=443): Max retries exceeded with url: /vivenda/v5/luanda/kilamba/vender-vivenda-v5-no-condominio-alvorecer-kilamba/0168721/ (Caused by NameResolutionError("HTTPSConnection(host='www.angocasa.com', port=443): Failed to resolve 'www.angocasa.com' ([Errno 11001] getaddrinfo failed)")) | t3
2026-07-05 19:16:41 [ERROR   ] piia — Falha definitiva: https://www.angocasa.com/vivenda/v5/luanda/kilamba/vender-vivenda-v5-no-condominio-alvorecer-kilamba/0168721/
2026-07-05 19:16:47 [WARNING ] piia — Rede HTTPSConnectionPool(host='www.angocasa.com', port=443): Max retries exceeded with url: /empreendimento/misto/luanda/nova-vida-golfe/vender-escritorio-guest-house-de-1.000-m-no-nova-vida/0168715/ (Caused by NameResolutionError("HTTPSConnection(host='www.angocasa.com', port=443): Failed to resolve 'www.angocasa.com' ([Errno 11001] getaddrinfo failed)")) | t1
2026-07-05 19:16:52 [WARNING ] piia — Rede HTTPSConnectionPool(host='www.angocasa.com', port=443): Max retries exceeded with url: /empreendimento/misto/luanda/nova-vida-golfe/vender-escritorio-guest-house-de-1.000-m-no-nova-vida/0168715/ (Caused by NameResolutionError("HTTPSConnection(host='www.angocasa.com', port=443): Failed to resolve 'www.angocasa.com' ([Errno 11001] getaddrinfo failed)")) | t2
2026-07-05 19:17:02 [WARNING ] piia — Rede HTTPSConnectionPool(host='www.angocasa.com', port=443): Max retries exceeded with url: /empreendimento/misto/luanda/nova-vida-golfe/vender-escritorio-guest-house-de-1.000-m-no-nova-vida/0168715/ (Caused by NameResolutionError("HTTPSConnection(host='www.angocasa.com', port=443): Failed to resolve 'www.angocasa.com' ([Errno 11001] getaddrinfo failed)")) | t3
2026-07-05 19:17:02 [ERROR   ] piia — Falha definitiva: https://www.angocasa.com/empreendimento/misto/luanda/nova-vida-golfe/vender-escritorio-guest-house-de-1.000-m-no-nova-vida/0168715/
2026-07-05 19:17:05 [WARNING ] piia — Rede HTTPSConnectionPool(host='www.angocasa.com', port=443): Max retries exceeded with url: /vivenda/v3/luanda/camama/vender-vivenda-v3-no-condominio-bpc-camama/0168707/ (Caused by NameResolutionError("HTTPSConnection(host='www.angocasa.com', port=443): Failed to resolve 'www.angocasa.com' ([Errno 11001] getaddrinfo failed)")) | t1
2026-07-05 19:17:10 [WARNING ] piia — Rede HTTPSConnectionPool(host='www.angocasa.com', port=443): Max retries exceeded with url: /vivenda/v3/luanda/camama/vender-vivenda-v3-no-condominio-bpc-camama/0168707/ (Caused by NameResolutionError("HTTPSConnection(host='www.angocasa.com', port=443): Failed to resolve 'www.angocasa.com' ([Errno 11001] getaddrinfo failed)")) | t2
2026-07-05 19:17:20 [WARNING ] piia — Rede HTTPSConnectionPool(host='www.angocasa.com', port=443): Max retries exceeded with url: /vivenda/v3/luanda/camama/vender-vivenda-v3-no-condominio-bpc-camama/0168707/ (Caused by NameResolutionError("HTTPSConnection(host='www.angocasa.com', port=443): Failed to resolve 'www.angocasa.com' ([Errno 11001] getaddrinfo failed)")) | t3
2026-07-05 19:17:20 [ERROR   ] piia — Falha definitiva: https://www.angocasa.com/vivenda/v3/luanda/camama/vender-vivenda-v3-no-condominio-bpc-camama/0168707/
2026-07-05 19:17:25 [WARNING ] piia — Rede HTTPSConnectionPool(host='www.angocasa.com', port=443): Max retries exceeded with url: /vivenda/v5/luanda/camama/vender-vivenda-v5-mobilada-no-condominio-austin-camama/0168701/ (Caused by NameResolutionError("HTTPSConnection(host='www.angocasa.com', port=443): Failed to resolve 'www.angocasa.com' ([Errno 11001] getaddrinfo failed)")) | t1
2026-07-05 19:17:30 [WARNING ] piia — Rede HTTPSConnectionPool(host='www.angocasa.com', port=443): Max retries exceeded with url: /vivenda/v5/luanda/camama/vender-vivenda-v5-mobilada-no-condominio-austin-camama/0168701/ (Caused by NameResolutionError("HTTPSConnection(host='www.angocasa.com', port=443): Failed to resolve 'www.angocasa.com' ([Errno 11001] getaddrinfo failed)")) | t2
2026-07-05 19:17:40 [WARNING ] piia — Rede HTTPSConnectionPool(host='www.angocasa.com', port=443): Max retries exceeded with url: /vivenda/v5/luanda/camama/vender-vivenda-v5-mobilada-no-condominio-austin-camama/0168701/ (Caused by NameResolutionError("HTTPSConnection(host='www.angocasa.com', port=443): Failed to resolve 'www.angocasa.com' ([Errno 11001] getaddrinfo failed)")) | t3
2026-07-05 19:17:40 [ERROR   ] piia — Falha definitiva: https://www.angocasa.com/vivenda/v5/luanda/camama/vender-vivenda-v5-mobilada-no-condominio-austin-camama/0168701/
2026-07-05 19:17:43 [WARNING ] piia — Rede HTTPSConnectionPool(host='www.angocasa.com', port=443): Max retries exceeded with url: /vivenda/v3/luanda/maianga/vender-vivenda-v3-mobilada-na-maianga-luanda-/0168697/ (Caused by NameResolutionError("HTTPSConnection(host='www.angocasa.com', port=443): Failed to resolve 'www.angocasa.com' ([Errno 11001] getaddrinfo failed)")) | t1
2026-07-05 19:17:48 [WARNING ] piia — Rede HTTPSConnectionPool(host='www.angocasa.com', port=443): Max retries exceeded with url: /vivenda/v3/luanda/maianga/vender-vivenda-v3-mobilada-na-maianga-luanda-/0168697/ (Caused by NameResolutionError("HTTPSConnection(host='www.angocasa.com', port=443): Failed to resolve 'www.angocasa.com' ([Errno 11001] getaddrinfo failed)")) | t2
2026-07-05 19:17:58 [WARNING ] piia — Rede HTTPSConnectionPool(host='www.angocasa.com', port=443): Max retries exceeded with url: /vivenda/v3/luanda/maianga/vender-vivenda-v3-mobilada-na-maianga-luanda-/0168697/ (Caused by NameResolutionError("HTTPSConnection(host='www.angocasa.com', port=443): Failed to resolve 'www.angocasa.com' ([Errno 11001] getaddrinfo failed)")) | t3
2026-07-05 19:17:58 [ERROR   ] piia — Falha definitiva: https://www.angocasa.com/vivenda/v3/luanda/maianga/vender-vivenda-v3-mobilada-na-maianga-luanda-/0168697/
2026-07-05 19:18:04 [WARNING ] piia — Rede HTTPSConnectionPool(host='www.angocasa.com', port=443): Max retries exceeded with url: /terreno/luanda/talatona/vender-terreno-no-talatona/0168667/ (Caused by NameResolutionError("HTTPSConnection(host='www.angocasa.com', port=443): Failed to resolve 'www.angocasa.com' ([Errno 11001] getaddrinfo failed)")) | t1
2026-07-05 19:18:09 [WARNING ] piia — Rede HTTPSConnectionPool(host='www.angocasa.com', port=443): Max retries exceeded with url: /terreno/luanda/talatona/vender-terreno-no-talatona/0168667/ (Caused by NameResolutionError("HTTPSConnection(host='www.angocasa.com', port=443): Failed to resolve 'www.angocasa.com' ([Errno 11001] getaddrinfo failed)")) | t2
2026-07-05 19:18:19 [WARNING ] piia — Rede HTTPSConnectionPool(host='www.angocasa.com', port=443): Max retries exceeded with url: /terreno/luanda/talatona/vender-terreno-no-talatona/0168667/ (Caused by NameResolutionError("HTTPSConnection(host='www.angocasa.com', port=443): Failed to resolve 'www.angocasa.com' ([Errno 11001] getaddrinfo failed)")) | t3
2026-07-05 19:18:19 [ERROR   ] piia — Falha definitiva: https://www.angocasa.com/terreno/luanda/talatona/vender-terreno-no-talatona/0168667/
2026-07-05 19:18:24 [WARNING ] piia — Rede HTTPSConnectionPool(host='www.angocasa.com', port=443): Max retries exceeded with url: /apartamento/t3/luanda/ingombota/vender-apartamento-t3-nas-torres-elysee-/0168656/ (Caused by NameResolutionError("HTTPSConnection(host='www.angocasa.com', port=443): Failed to resolve 'www.angocasa.com' ([Errno 11001] getaddrinfo failed)")) | t1
2026-07-05 19:18:29 [WARNING ] piia — Rede HTTPSConnectionPool(host='www.angocasa.com', port=443): Max retries exceeded with url: /apartamento/t3/luanda/ingombota/vender-apartamento-t3-nas-torres-elysee-/0168656/ (Caused by NameResolutionError("HTTPSConnection(host='www.angocasa.com', port=443): Failed to resolve 'www.angocasa.com' ([Errno 11001] getaddrinfo failed)")) | t2
2026-07-05 19:18:39 [WARNING ] piia — Rede HTTPSConnectionPool(host='www.angocasa.com', port=443): Max retries exceeded with url: /apartamento/t3/luanda/ingombota/vender-apartamento-t3-nas-torres-elysee-/0168656/ (Caused by NameResolutionError("HTTPSConnection(host='www.angocasa.com', port=443): Failed to resolve 'www.angocasa.com' ([Errno 11001] getaddrinfo failed)")) | t3
2026-07-05 19:18:39 [ERROR   ] piia — Falha definitiva: https://www.angocasa.com/apartamento/t3/luanda/ingombota/vender-apartamento-t3-nas-torres-elysee-/0168656/
2026-07-05 19:18:45 [WARNING ] piia — Rede HTTPSConnectionPool(host='www.angocasa.com', port=443): Max retries exceeded with url: /terreno/luanda/ingombota/vender-terreno-1540m2-a-beira-mar-ilha-de-luanda/0168641/ (Caused by NameResolutionError("HTTPSConnection(host='www.angocasa.com', port=443): Failed to resolve 'www.angocasa.com' ([Errno 11001] getaddrinfo failed)")) | t1
2026-07-05 19:18:50 [WARNING ] piia — Rede HTTPSConnectionPool(host='www.angocasa.com', port=443): Max retries exceeded with url: /terreno/luanda/ingombota/vender-terreno-1540m2-a-beira-mar-ilha-de-luanda/0168641/ (Caused by NameResolutionError("HTTPSConnection(host='www.angocasa.com', port=443): Failed to resolve 'www.angocasa.com' ([Errno 11001] getaddrinfo failed)")) | t2
2026-07-05 19:19:00 [WARNING ] piia — Rede HTTPSConnectionPool(host='www.angocasa.com', port=443): Max retries exceeded with url: /terreno/luanda/ingombota/vender-terreno-1540m2-a-beira-mar-ilha-de-luanda/0168641/ (Caused by NameResolutionError("HTTPSConnection(host='www.angocasa.com', port=443): Failed to resolve 'www.angocasa.com' ([Errno 11001] getaddrinfo failed)")) | t3
2026-07-05 19:19:00 [ERROR   ] piia — Falha definitiva: https://www.angocasa.com/terreno/luanda/ingombota/vender-terreno-1540m2-a-beira-mar-ilha-de-luanda/0168641/
2026-07-05 19:19:03 [WARNING ] piia — Rede HTTPSConnectionPool(host='www.angocasa.com', port=443): Max retries exceeded with url: /terreno/luanda/maianga/vender-terreno-1500m2-maianga-luanda/0168636/ (Caused by NameResolutionError("HTTPSConnection(host='www.angocasa.com', port=443): Failed to resolve 'www.angocasa.com' ([Errno 11001] getaddrinfo failed)")) | t1
2026-07-05 19:19:08 [WARNING ] piia — Rede HTTPSConnectionPool(host='www.angocasa.com', port=443): Max retries exceeded with url: /terreno/luanda/maianga/vender-terreno-1500m2-maianga-luanda/0168636/ (Caused by NameResolutionError("HTTPSConnection(host='www.angocasa.com', port=443): Failed to resolve 'www.angocasa.com' ([Errno 11001] getaddrinfo failed)")) | t2
2026-07-05 19:19:18 [WARNING ] piia — Rede HTTPSConnectionPool(host='www.angocasa.com', port=443): Max retries exceeded with url: /terreno/luanda/maianga/vender-terreno-1500m2-maianga-luanda/0168636/ (Caused by NameResolutionError("HTTPSConnection(host='www.angocasa.com', port=443): Failed to resolve 'www.angocasa.com' ([Errno 11001] getaddrinfo failed)")) | t3
2026-07-05 19:19:18 [ERROR   ] piia — Falha definitiva: https://www.angocasa.com/terreno/luanda/maianga/vender-terreno-1500m2-maianga-luanda/0168636/
2026-07-05 19:19:22 [WARNING ] piia — Rede HTTPSConnectionPool(host='www.angocasa.com', port=443): Max retries exceeded with url: /vivenda/v4/luanda/talatona/venda-vivenda-v3-1-no-condominio-complexo-residencial-talatona/0168631/ (Caused by NameResolutionError("HTTPSConnection(host='www.angocasa.com', port=443): Failed to resolve 'www.angocasa.com' ([Errno 11001] getaddrinfo failed)")) | t1
2026-07-05 19:19:27 [WARNING ] piia — Rede HTTPSConnectionPool(host='www.angocasa.com', port=443): Max retries exceeded with url: /vivenda/v4/luanda/talatona/venda-vivenda-v3-1-no-condominio-complexo-residencial-talatona/0168631/ (Caused by NameResolutionError("HTTPSConnection(host='www.angocasa.com', port=443): Failed to resolve 'www.angocasa.com' ([Errno 11001] getaddrinfo failed)")) | t2
2026-07-05 19:19:37 [WARNING ] piia — Rede HTTPSConnectionPool(host='www.angocasa.com', port=443): Max retries exceeded with url: /vivenda/v4/luanda/talatona/venda-vivenda-v3-1-no-condominio-complexo-residencial-talatona/0168631/ (Caused by NameResolutionError("HTTPSConnection(host='www.angocasa.com', port=443): Failed to resolve 'www.angocasa.com' ([Errno 11001] getaddrinfo failed)")) | t3
2026-07-05 19:19:37 [ERROR   ] piia — Falha definitiva: https://www.angocasa.com/vivenda/v4/luanda/talatona/venda-vivenda-v3-1-no-condominio-complexo-residencial-talatona/0168631/
2026-07-05 19:19:42 [WARNING ] piia — Rede HTTPSConnectionPool(host='www.angocasa.com', port=443): Max retries exceeded with url: /apartamento/t1/luanda/ingombota/vender-apartamento-t1-na-marginal-de-luanda-ingobontas-/0168586/ (Caused by NameResolutionError("HTTPSConnection(host='www.angocasa.com', port=443): Failed to resolve 'www.angocasa.com' ([Errno 11001] getaddrinfo failed)")) | t1
2026-07-05 19:19:47 [WARNING ] piia — Rede HTTPSConnectionPool(host='www.angocasa.com', port=443): Max retries exceeded with url: /apartamento/t1/luanda/ingombota/vender-apartamento-t1-na-marginal-de-luanda-ingobontas-/0168586/ (Caused by NameResolutionError("HTTPSConnection(host='www.angocasa.com', port=443): Failed to resolve 'www.angocasa.com' ([Errno 11001] getaddrinfo failed)")) | t2
2026-07-05 19:19:57 [WARNING ] piia — Rede HTTPSConnectionPool(host='www.angocasa.com', port=443): Max retries exceeded with url: /apartamento/t1/luanda/ingombota/vender-apartamento-t1-na-marginal-de-luanda-ingobontas-/0168586/ (Caused by NameResolutionError("HTTPSConnection(host='www.angocasa.com', port=443): Failed to resolve 'www.angocasa.com' ([Errno 11001] getaddrinfo failed)")) | t3
2026-07-05 19:19:57 [ERROR   ] piia — Falha definitiva: https://www.angocasa.com/apartamento/t1/luanda/ingombota/vender-apartamento-t1-na-marginal-de-luanda-ingobontas-/0168586/
2026-07-05 19:20:02 [WARNING ] piia — Rede HTTPSConnectionPool(host='www.angocasa.com', port=443): Max retries exceeded with url: /terreno/luanda/kilamba/vender-terreno-de-400-m-no-kilamba/0168579/ (Caused by NameResolutionError("HTTPSConnection(host='www.angocasa.com', port=443): Failed to resolve 'www.angocasa.com' ([Errno 11001] getaddrinfo failed)")) | t1
2026-07-05 19:20:07 [WARNING ] piia — Rede HTTPSConnectionPool(host='www.angocasa.com', port=443): Max retries exceeded with url: /terreno/luanda/kilamba/vender-terreno-de-400-m-no-kilamba/0168579/ (Caused by NameResolutionError("HTTPSConnection(host='www.angocasa.com', port=443): Failed to resolve 'www.angocasa.com' ([Errno 11001] getaddrinfo failed)")) | t2
2026-07-05 19:20:17 [WARNING ] piia — Rede HTTPSConnectionPool(host='www.angocasa.com', port=443): Max retries exceeded with url: /terreno/luanda/kilamba/vender-terreno-de-400-m-no-kilamba/0168579/ (Caused by NameResolutionError("HTTPSConnection(host='www.angocasa.com', port=443): Failed to resolve 'www.angocasa.com' ([Errno 11001] getaddrinfo failed)")) | t3
2026-07-05 19:20:17 [ERROR   ] piia — Falha definitiva: https://www.angocasa.com/terreno/luanda/kilamba/vender-terreno-de-400-m-no-kilamba/0168579/
2026-07-05 19:20:22 [WARNING ] piia — Rede HTTPSConnectionPool(host='www.angocasa.com', port=443): Max retries exceeded with url: /terreno/luanda/ilha-do-cabo/vender-terreno-de-2000-m-na-baia-de-luanda-/0168557/ (Caused by NameResolutionError("HTTPSConnection(host='www.angocasa.com', port=443): Failed to resolve 'www.angocasa.com' ([Errno 11001] getaddrinfo failed)")) | t1
2026-07-05 19:20:27 [WARNING ] piia — Rede HTTPSConnectionPool(host='www.angocasa.com', port=443): Max retries exceeded with url: /terreno/luanda/ilha-do-cabo/vender-terreno-de-2000-m-na-baia-de-luanda-/0168557/ (Caused by NameResolutionError("HTTPSConnection(host='www.angocasa.com', port=443): Failed to resolve 'www.angocasa.com' ([Errno 11001] getaddrinfo failed)")) | t2
2026-07-05 19:20:37 [WARNING ] piia — Rede HTTPSConnectionPool(host='www.angocasa.com', port=443): Max retries exceeded with url: /terreno/luanda/ilha-do-cabo/vender-terreno-de-2000-m-na-baia-de-luanda-/0168557/ (Caused by NameResolutionError("HTTPSConnection(host='www.angocasa.com', port=443): Failed to resolve 'www.angocasa.com' ([Errno 11001] getaddrinfo failed)")) | t3
2026-07-05 19:20:37 [ERROR   ] piia — Falha definitiva: https://www.angocasa.com/terreno/luanda/ilha-do-cabo/vender-terreno-de-2000-m-na-baia-de-luanda-/0168557/
2026-07-05 19:20:43 [WARNING ] piia — Rede HTTPSConnectionPool(host='www.angocasa.com', port=443): Max retries exceeded with url: /hotel/luanda/benfica-inclui-lar-do-patriota-/vender-hotel-equipado-na-via-expressa-benfica/0168516/ (Caused by NameResolutionError("HTTPSConnection(host='www.angocasa.com', port=443): Failed to resolve 'www.angocasa.com' ([Errno 11001] getaddrinfo failed)")) | t1
2026-07-05 19:20:48 [WARNING ] piia — Rede HTTPSConnectionPool(host='www.angocasa.com', port=443): Max retries exceeded with url: /hotel/luanda/benfica-inclui-lar-do-patriota-/vender-hotel-equipado-na-via-expressa-benfica/0168516/ (Caused by NameResolutionError("HTTPSConnection(host='www.angocasa.com', port=443): Failed to resolve 'www.angocasa.com' ([Errno 11001] getaddrinfo failed)")) | t2
2026-07-05 19:20:58 [WARNING ] piia — Rede HTTPSConnectionPool(host='www.angocasa.com', port=443): Max retries exceeded with url: /hotel/luanda/benfica-inclui-lar-do-patriota-/vender-hotel-equipado-na-via-expressa-benfica/0168516/ (Caused by NameResolutionError("HTTPSConnection(host='www.angocasa.com', port=443): Failed to resolve 'www.angocasa.com' ([Errno 11001] getaddrinfo failed)")) | t3
2026-07-05 19:20:58 [ERROR   ] piia — Falha definitiva: https://www.angocasa.com/hotel/luanda/benfica-inclui-lar-do-patriota-/vender-hotel-equipado-na-via-expressa-benfica/0168516/
2026-07-05 19:21:03 [WARNING ] piia — Rede HTTPSConnectionPool(host='www.angocasa.com', port=443): Max retries exceeded with url: /vivenda/v6/luanda/camama/vender-vivenda-v6-no-condominio-jardim-de-rosas-camama/0168473/ (Caused by NameResolutionError("HTTPSConnection(host='www.angocasa.com', port=443): Failed to resolve 'www.angocasa.com' ([Errno 11001] getaddrinfo failed)")) | t1
2026-07-05 19:21:47 [INFO    ] piia —     Pág 85: 14 anúncios extraídos (total acum.: 763)
2026-07-05 19:32:18 [INFO    ] piia —     Pág 86: 50 anúncios extraídos (total acum.: 813)
2026-07-05 19:42:57 [INFO    ] piia —     Pág 87: 50 anúncios extraídos (total acum.: 863)
2026-07-05 19:54:07 [INFO    ] piia —     Pág 88: 50 anúncios extraídos (total acum.: 913)
2026-07-05 20:06:18 [INFO    ] piia —     Pág 89: 50 anúncios extraídos (total acum.: 963)
2026-07-05 20:07:38 [WARNING ] piia — Rede ('Connection aborted.', RemoteDisconnected('Remote end closed connection without response')) | t1
2026-07-05 20:08:39 [WARNING ] piia — Rede ('Connection aborted.', RemoteDisconnected('Remote end closed connection without response')) | t1
2026-07-05 20:16:32 [WARNING ] piia — Rede ('Connection aborted.', RemoteDisconnected('Remote end closed connection without response')) | t1
2026-07-05 20:17:31 [WARNING ] piia — Rede ('Connection aborted.', RemoteDisconnected('Remote end closed connection without response')) | t1
2026-07-05 20:18:29 [WARNING ] piia — Rede ('Connection aborted.', RemoteDisconnected('Remote end closed connection without response')) | t1
2026-07-05 20:20:41 [INFO    ] piia —     Pág 90: 50 anúncios extraídos (total acum.: 1013)
2026-07-05 20:22:38 [WARNING ] piia — Rede HTTPSConnectionPool(host='www.angocasa.com', port=443): Read timed out. (read timeout=30) | t1
2026-07-05 20:32:40 [INFO    ] piia —     Pág 91: 50 anúncios extraídos (total acum.: 1063)
2026-07-05 20:43:18 [INFO    ] piia —     Pág 92: 49 anúncios extraídos (total acum.: 1112)
2026-07-05 20:49:18 [WARNING ] piia — Rede ('Connection aborted.', RemoteDisconnected('Remote end closed connection without response')) | t1
2026-07-05 20:54:05 [INFO    ] piia —     Pág 93: 48 anúncios extraídos (total acum.: 1160)
2026-07-05 20:54:23 [WARNING ] piia — Rede ('Connection aborted.', RemoteDisconnected('Remote end closed connection without response')) | t1
2026-07-05 20:57:08 [WARNING ] piia — Rede ('Connection aborted.', RemoteDisconnected('Remote end closed connection without response')) | t1
2026-07-05 21:02:24 [WARNING ] piia — Rede HTTPSConnectionPool(host='www.angocasa.com', port=443): Read timed out. (read timeout=30) | t1
2026-07-05 21:03:41 [WARNING ] piia — Scraping interrompido pelo utilizador.
2026-07-05 21:03:48 [INFO    ] piia — ════════════════════════════════════════════════════════════
2026-07-05 21:03:48 [INFO    ] piia —   RESUMO BASE DE DADOS
2026-07-05 21:03:48 [INFO    ] piia —   Total anúncios activos : 5489
2026-07-05 21:03:48 [INFO    ] piia —   → Compra               : 5191
2026-07-05 21:03:48 [INFO    ] piia —   → Arrendamento         : 298
2026-07-05 21:03:48 [INFO    ] piia —   Bairros com dados      : 181
2026-07-05 21:03:48 [INFO    ] piia —   Hist. alterações preço : 0
2026-07-05 21:03:48 [INFO    ] piia —   Última extração        : 2026-07-05T20:54:05.533045
2026-07-05 21:03:48 [INFO    ] piia — ════════════════════════════════════════════════════════════
2026-07-05 21:03:48 [INFO    ] piia — ✅ PIIA Fase 1 concluída.
2026-07-05 21:04:52 [WARNING ] piia — Rede ('Connection aborted.', RemoteDisconnected('Remote end closed connection without response')) | t1
2026-07-05 21:05:44 [INFO    ] piia —     Pág 94: 49 anúncios extraídos (total acum.: 1209)
2026-07-05 21:15:55 [INFO    ] piia —     Pág 95: 48 anúncios extraídos (total acum.: 1257)
2026-07-05 21:26:11 [INFO    ] piia —     Pág 96: 49 anúncios extraídos (total acum.: 1306)
2026-07-05 21:26:28 [WARNING ] piia — Rede ('Connection aborted.', RemoteDisconnected('Remote end closed connection without response')) | t1
2026-07-05 21:34:54 [WARNING ] piia — Rede ('Connection aborted.', RemoteDisconnected('Remote end closed connection without response')) | t1
2026-07-05 21:36:56 [WARNING ] piia — Rede ('Connection aborted.', ConnectionResetError(10054, 'An existing connection was forcibly closed by the remote host', None, 10054, None)) | t1
2026-07-05 21:37:19 [WARNING ] piia — Rede ('Connection aborted.', ConnectionResetError(10054, 'An existing connection was forcibly closed by the remote host', None, 10054, None)) | t2
2026-07-05 21:40:27 [WARNING ] piia — Rede ('Connection aborted.', ConnectionResetError(10054, 'An existing connection was forcibly closed by the remote host', None, 10054, None)) | t1
2026-07-05 21:42:11 [INFO    ] piia —     Pág 97: 48 anúncios extraídos (total acum.: 1354)
2026-07-05 21:42:35 [WARNING ] piia — Rede ('Connection aborted.', ConnectionResetError(10054, 'An existing connection was forcibly closed by the remote host', None, 10054, None)) | t1
2026-07-05 21:44:35 [WARNING ] piia — Rede ('Connection aborted.', RemoteDisconnected('Remote end closed connection without response')) | t1
2026-07-05 21:45:01 [WARNING ] piia — Rede ('Connection aborted.', ConnectionResetError(10054, 'An existing connection was forcibly closed by the remote host', None, 10054, None)) | t2
2026-07-05 21:46:48 [WARNING ] piia — Rede ('Connection aborted.', ConnectionResetError(10054, 'An existing connection was forcibly closed by the remote host', None, 10054, None)) | t1
2026-07-05 21:48:49 [WARNING ] piia — Rede ('Connection aborted.', ConnectionResetError(10054, 'An existing connection was forcibly closed by the remote host', None, 10054, None)) | t1
2026-07-05 21:49:35 [WARNING ] piia — Rede ('Connection aborted.', ConnectionResetError(10054, 'An existing connection was forcibly closed by the remote host', None, 10054, None)) | t1
2026-07-05 21:50:57 [WARNING ] piia — Rede ('Connection aborted.', ConnectionResetError(10054, 'An existing connection was forcibly closed by the remote host', None, 10054, None)) | t1
2026-07-05 21:51:22 [WARNING ] piia — Rede ('Connection aborted.', ConnectionResetError(10054, 'An existing connection was forcibly closed by the remote host', None, 10054, None)) | t2
2026-07-05 22:00:25 [WARNING ] piia — Rede ('Connection aborted.', RemoteDisconnected('Remote end closed connection without response')) | t1
2026-07-05 22:00:49 [WARNING ] piia — Rede ('Connection aborted.', ConnectionResetError(10054, 'An existing connection was forcibly closed by the remote host', None, 10054, None)) | t2
2026-07-05 22:06:46 [WARNING ] piia — Rede HTTPSConnectionPool(host='www.angocasa.com', port=443): Read timed out. (read timeout=30) | t1
2026-07-05 22:06:51 [WARNING ] piia — Rede HTTPSConnectionPool(host='www.angocasa.com', port=443): Max retries exceeded with url: /apartamento/t2/luanda/maianga/vender-apartamento-t2-na-ingombota/0150445/ (Caused by NameResolutionError("HTTPSConnection(host='www.angocasa.com', port=443): Failed to resolve 'www.angocasa.com' ([Errno 11001] getaddrinfo failed)")) | t2
2026-07-05 22:08:14 [INFO    ] piia —     Pág 98: 48 anúncios extraídos (total acum.: 1402)
2026-07-05 22:08:48 [WARNING ] piia — Rede HTTPSConnectionPool(host='www.angocasa.com', port=443): Read timed out. (read timeout=30) | t1
2026-07-05 22:08:53 [WARNING ] piia — Rede HTTPSConnectionPool(host='www.angocasa.com', port=443): Max retries exceeded with url: /anuncios/venda/angola-luanda/mostrar-50/pagina-99/ordenar-normal/ (Caused by NameResolutionError("HTTPSConnection(host='www.angocasa.com', port=443): Failed to resolve 'www.angocasa.com' ([Errno 11001] getaddrinfo failed)")) | t2
2026-07-05 22:09:03 [WARNING ] piia — Rede HTTPSConnectionPool(host='www.angocasa.com', port=443): Max retries exceeded with url: /anuncios/venda/angola-luanda/mostrar-50/pagina-99/ordenar-normal/ (Caused by NameResolutionError("HTTPSConnection(host='www.angocasa.com', port=443): Failed to resolve 'www.angocasa.com' ([Errno 11001] getaddrinfo failed)")) | t3
2026-07-05 22:09:03 [ERROR   ] piia — Falha definitiva: https://www.angocasa.com/anuncios/venda/angola-luanda/mostrar-50/pagina-99/ordenar-normal/
2026-07-05 22:09:03 [WARNING ] piia —     Sem resposta na pág 99 — parar coleta.
2026-07-05 22:09:03 [INFO    ] piia —   ✔ Luanda geral/compra: 1402 anúncios | completa=False
2026-07-05 22:09:03 [INFO    ] piia —   ▶ Luanda geral | arrendamento
2026-07-05 22:09:03 [WARNING ] piia — Rede HTTPSConnectionPool(host='www.angocasa.com', port=443): Max retries exceeded with url: /anuncios/arrenda/angola-luanda/mostrar-50/ordenar-normal/ (Caused by NameResolutionError("HTTPSConnection(host='www.angocasa.com', port=443): Failed to resolve 'www.angocasa.com' ([Errno 11001] getaddrinfo failed)")) | t1
2026-07-05 22:09:08 [WARNING ] piia — Rede HTTPSConnectionPool(host='www.angocasa.com', port=443): Max retries exceeded with url: /anuncios/arrenda/angola-luanda/mostrar-50/ordenar-normal/ (Caused by NameResolutionError("HTTPSConnection(host='www.angocasa.com', port=443): Failed to resolve 'www.angocasa.com' ([Errno 11001] getaddrinfo failed)")) | t2
2026-07-05 22:14:22 [WARNING ] piia — Rede ('Connection aborted.', RemoteDisconnected('Remote end closed connection without response')) | t1
2026-07-05 22:22:05 [INFO    ] piia —     Pág 1: 50 anúncios extraídos (total acum.: 50)
2026-07-05 22:27:14 [WARNING ] piia — Rede HTTPSConnectionPool(host='www.angocasa.com', port=443): Read timed out. (read timeout=30) | t1
2026-07-05 22:33:54 [INFO    ] piia —     Pág 2: 48 anúncios extraídos (total acum.: 98)
2026-07-05 22:37:37 [WARNING ] piia — Rede HTTPSConnectionPool(host='www.angocasa.com', port=443): Read timed out. (read timeout=30) | t1
2026-07-05 22:45:43 [INFO    ] piia —     Pág 3: 50 anúncios extraídos (total acum.: 148)
2026-07-05 22:57:07 [INFO    ] piia —     Pág 4: 49 anúncios extraídos (total acum.: 197)
2026-07-05 22:57:25 [WARNING ] piia — Rede ('Connection aborted.', RemoteDisconnected('Remote end closed connection without response')) | t1
2026-07-05 23:04:46 [WARNING ] piia — Rede ('Connection aborted.', RemoteDisconnected('Remote end closed connection without response')) | t1
2026-07-05 23:07:51 [INFO    ] piia —     Pág 5: 47 anúncios extraídos (total acum.: 244)
2026-07-05 23:10:52 [WARNING ] piia — Rede HTTPSConnectionPool(host='www.angocasa.com', port=443): Max retries exceeded with url: /apartamento/t4/luanda/zango/arrendar-apartamento-t4-na-centralidade-vida-pacifica-zango-0/0195540/ (Caused by ConnectTimeoutError(<HTTPSConnection(host='www.angocasa.com', port=443) at 0x1e20fe40b90>, 'Connection to www.angocasa.com timed out. (connect timeout=30)')) | t1
2026-07-05 23:11:18 [WARNING ] piia — Rede HTTPSConnectionPool(host='www.angocasa.com', port=443): Max retries exceeded with url: /apartamento/t4/luanda/zango/arrendar-apartamento-t4-na-centralidade-vida-pacifica-zango-0/0195540/ (Caused by ConnectTimeoutError(<HTTPSConnection(host='www.angocasa.com', port=443) at 0x1e20ffcbc50>, 'Connection to www.angocasa.com timed out. (connect timeout=30)')) | t2
2026-07-05 23:11:49 [WARNING ] piia — Rede HTTPSConnectionPool(host='www.angocasa.com', port=443): Max retries exceeded with url: /apartamento/t4/luanda/zango/arrendar-apartamento-t4-na-centralidade-vida-pacifica-zango-0/0195540/ (Caused by ConnectTimeoutError(<HTTPSConnection(host='www.angocasa.com', port=443) at 0x1e20ffc9a90>, 'Connection to www.angocasa.com timed out. (connect timeout=30)')) | t3
2026-07-05 23:11:49 [ERROR   ] piia — Falha definitiva: https://www.angocasa.com/apartamento/t4/luanda/zango/arrendar-apartamento-t4-na-centralidade-vida-pacifica-zango-0/0195540/
2026-07-05 23:12:14 [WARNING ] piia — Rede HTTPSConnectionPool(host='www.angocasa.com', port=443): Max retries exceeded with url: /vivenda/v3/luanda/camama/arrendar-vivenda-v3-no-condominio-nosso-zimbo-camama/0195534/ (Caused by ConnectTimeoutError(<HTTPSConnection(host='www.angocasa.com', port=443) at 0x1e20ffcb110>, 'Connection to www.angocasa.com timed out. (connect timeout=30)')) | t1
2026-07-05 23:12:40 [WARNING ] piia — Rede HTTPSConnectionPool(host='www.angocasa.com', port=443): Max retries exceeded with url: /vivenda/v3/luanda/camama/arrendar-vivenda-v3-no-condominio-nosso-zimbo-camama/0195534/ (Caused by ConnectTimeoutError(<HTTPSConnection(host='www.angocasa.com', port=443) at 0x1e20ffc8f50>, 'Connection to www.angocasa.com timed out. (connect timeout=30)')) | t2
2026-07-05 23:13:11 [WARNING ] piia — Rede HTTPSConnectionPool(host='www.angocasa.com', port=443): Max retries exceeded with url: /vivenda/v3/luanda/camama/arrendar-vivenda-v3-no-condominio-nosso-zimbo-camama/0195534/ (Caused by ConnectTimeoutError(<HTTPSConnection(host='www.angocasa.com', port=443) at 0x1e20ffc91d0>, 'Connection to www.angocasa.com timed out. (connect timeout=30)')) | t3
2026-07-05 23:13:11 [ERROR   ] piia — Falha definitiva: https://www.angocasa.com/vivenda/v3/luanda/camama/arrendar-vivenda-v3-no-condominio-nosso-zimbo-camama/0195534/
2026-07-05 23:13:38 [WARNING ] piia — Rede HTTPSConnectionPool(host='www.angocasa.com', port=443): Max retries exceeded with url: /escritorio/luanda/ingombota/arrendar-escritorio-de-366-m-no-edificio-orquidea-ingombotas/195531/ (Caused by ConnectTimeoutError(<HTTPSConnection(host='www.angocasa.com', port=443) at 0x1e20ffcb250>, 'Connection to www.angocasa.com timed out. (connect timeout=30)')) | t1
2026-07-05 23:14:04 [WARNING ] piia — Rede HTTPSConnectionPool(host='www.angocasa.com', port=443): Max retries exceeded with url: /escritorio/luanda/ingombota/arrendar-escritorio-de-366-m-no-edificio-orquidea-ingombotas/195531/ (Caused by ConnectTimeoutError(<HTTPSConnection(host='www.angocasa.com', port=443) at 0x1e20ffc8190>, 'Connection to www.angocasa.com timed out. (connect timeout=30)')) | t2
2026-07-05 23:14:35 [WARNING ] piia — Rede HTTPSConnectionPool(host='www.angocasa.com', port=443): Max retries exceeded with url: /escritorio/luanda/ingombota/arrendar-escritorio-de-366-m-no-edificio-orquidea-ingombotas/195531/ (Caused by ConnectTimeoutError(<HTTPSConnection(host='www.angocasa.com', port=443) at 0x1e20ffca490>, 'Connection to www.angocasa.com timed out. (connect timeout=30)')) | t3
2026-07-05 23:14:35 [ERROR   ] piia — Falha definitiva: https://www.angocasa.com/escritorio/luanda/ingombota/arrendar-escritorio-de-366-m-no-edificio-orquidea-ingombotas/195531/
2026-07-05 23:15:01 [WARNING ] piia — Rede HTTPSConnectionPool(host='www.angocasa.com', port=443): Max retries exceeded with url: /vivenda/v3/luanda/camama/arrendar-vivenda-v3-no-condominio-boa-vida-via-expressa-camama-/0195530/ (Caused by ConnectTimeoutError(<HTTPSConnection(host='www.angocasa.com', port=443) at 0x1e20aaeee90>, 'Connection to www.angocasa.com timed out. (connect timeout=30)')) | t1
2026-07-05 23:15:27 [WARNING ] piia — Rede HTTPSConnectionPool(host='www.angocasa.com', port=443): Max retries exceeded with url: /vivenda/v3/luanda/camama/arrendar-vivenda-v3-no-condominio-boa-vida-via-expressa-camama-/0195530/ (Caused by ConnectTimeoutError(<HTTPSConnection(host='www.angocasa.com', port=443) at 0x1e20aaee710>, 'Connection to www.angocasa.com timed out. (connect timeout=30)')) | t2
2026-07-05 23:15:58 [WARNING ] piia — Rede HTTPSConnectionPool(host='www.angocasa.com', port=443): Max retries exceeded with url: /vivenda/v3/luanda/camama/arrendar-vivenda-v3-no-condominio-boa-vida-via-expressa-camama-/0195530/ (Caused by ConnectTimeoutError(<HTTPSConnection(host='www.angocasa.com', port=443) at 0x1e20aaeec10>, 'Connection to www.angocasa.com timed out. (connect timeout=30)')) | t3
2026-07-05 23:15:58 [ERROR   ] piia — Falha definitiva: https://www.angocasa.com/vivenda/v3/luanda/camama/arrendar-vivenda-v3-no-condominio-boa-vida-via-expressa-camama-/0195530/
2026-07-05 23:16:22 [WARNING ] piia — Rede HTTPSConnectionPool(host='www.angocasa.com', port=443): Max retries exceeded with url: /vivenda/v3/luanda/camama/arrendar-vivenda-v3-no-condominio-souvenir-camama/0195526/ (Caused by ConnectTimeoutError(<HTTPSConnection(host='www.angocasa.com', port=443) at 0x1e20aaef610>, 'Connection to www.angocasa.com timed out. (connect timeout=30)')) | t1
2026-07-05 23:16:48 [WARNING ] piia — Rede HTTPSConnectionPool(host='www.angocasa.com', port=443): Max retries exceeded with url: /vivenda/v3/luanda/camama/arrendar-vivenda-v3-no-condominio-souvenir-camama/0195526/ (Caused by ConnectTimeoutError(<HTTPSConnection(host='www.angocasa.com', port=443) at 0x1e20aaeed50>, 'Connection to www.angocasa.com timed out. (connect timeout=30)')) | t2
2026-07-05 23:17:19 [WARNING ] piia — Rede HTTPSConnectionPool(host='www.angocasa.com', port=443): Max retries exceeded with url: /vivenda/v3/luanda/camama/arrendar-vivenda-v3-no-condominio-souvenir-camama/0195526/ (Caused by ConnectTimeoutError(<HTTPSConnection(host='www.angocasa.com', port=443) at 0x1e20aaefb10>, 'Connection to www.angocasa.com timed out. (connect timeout=30)')) | t3
2026-07-05 23:17:19 [ERROR   ] piia — Falha definitiva: https://www.angocasa.com/vivenda/v3/luanda/camama/arrendar-vivenda-v3-no-condominio-souvenir-camama/0195526/
2026-07-05 23:17:44 [WARNING ] piia — Rede HTTPSConnectionPool(host='www.angocasa.com', port=443): Max retries exceeded with url: /apartamento/t2/luanda/maianga/arrendar-apartamento-t2-mobilado-na-maianga-/0195523/ (Caused by ConnectTimeoutError(<HTTPSConnection(host='www.angocasa.com', port=443) at 0x1e20ffca490>, 'Connection to www.angocasa.com timed out. (connect timeout=30)')) | t1
2026-07-05 23:18:10 [WARNING ] piia — Rede HTTPSConnectionPool(host='www.angocasa.com', port=443): Max retries exceeded with url: /apartamento/t2/luanda/maianga/arrendar-apartamento-t2-mobilado-na-maianga-/0195523/ (Caused by ConnectTimeoutError(<HTTPSConnection(host='www.angocasa.com', port=443) at 0x1e20ffcb890>, 'Connection to www.angocasa.com timed out. (connect timeout=30)')) | t2
2026-07-05 23:18:41 [WARNING ] piia — Rede HTTPSConnectionPool(host='www.angocasa.com', port=443): Max retries exceeded with url: /apartamento/t2/luanda/maianga/arrendar-apartamento-t2-mobilado-na-maianga-/0195523/ (Caused by ConnectTimeoutError(<HTTPSConnection(host='www.angocasa.com', port=443) at 0x1e20ffc8cd0>, 'Connection to www.angocasa.com timed out. (connect timeout=30)')) | t3
2026-07-05 23:18:41 [ERROR   ] piia — Falha definitiva: https://www.angocasa.com/apartamento/t2/luanda/maianga/arrendar-apartamento-t2-mobilado-na-maianga-/0195523/
2026-07-05 23:19:08 [WARNING ] piia — Rede HTTPSConnectionPool(host='www.angocasa.com', port=443): Max retries exceeded with url: /vivenda/v4/luanda/benfica-inclui-lar-do-patriota-/arrendar-vivenda-v4-1-no-patriota-/0195522/ (Caused by ConnectTimeoutError(<HTTPSConnection(host='www.angocasa.com', port=443) at 0x1e20ffcb610>, 'Connection to www.angocasa.com timed out. (connect timeout=30)')) | t1
2026-07-05 23:19:34 [WARNING ] piia — Rede HTTPSConnectionPool(host='www.angocasa.com', port=443): Max retries exceeded with url: /vivenda/v4/luanda/benfica-inclui-lar-do-patriota-/arrendar-vivenda-v4-1-no-patriota-/0195522/ (Caused by ConnectTimeoutError(<HTTPSConnection(host='www.angocasa.com', port=443) at 0x1e20ffc9590>, 'Connection to www.angocasa.com timed out. (connect timeout=30)')) | t2
2026-07-05 23:20:05 [WARNING ] piia — Rede HTTPSConnectionPool(host='www.angocasa.com', port=443): Max retries exceeded with url: /vivenda/v4/luanda/benfica-inclui-lar-do-patriota-/arrendar-vivenda-v4-1-no-patriota-/0195522/ (Caused by ConnectTimeoutError(<HTTPSConnection(host='www.angocasa.com', port=443) at 0x1e20ffc9090>, 'Connection to www.angocasa.com timed out. (connect timeout=30)')) | t3
2026-07-05 23:20:05 [ERROR   ] piia — Falha definitiva: https://www.angocasa.com/vivenda/v4/luanda/benfica-inclui-lar-do-patriota-/arrendar-vivenda-v4-1-no-patriota-/0195522/
2026-07-05 23:20:30 [WARNING ] piia — Rede HTTPSConnectionPool(host='www.angocasa.com', port=443): Max retries exceeded with url: /escritorio/luanda/ingombota/arrendar-escritorio-de-366-m-no-edificio-orquidea-ingombota/0195521/ (Caused by ConnectTimeoutError(<HTTPSConnection(host='www.angocasa.com', port=443) at 0x1e20ffc8550>, 'Connection to www.angocasa.com timed out. (connect timeout=30)')) | t1
2026-07-05 23:20:56 [WARNING ] piia — Rede HTTPSConnectionPool(host='www.angocasa.com', port=443): Max retries exceeded with url: /escritorio/luanda/ingombota/arrendar-escritorio-de-366-m-no-edificio-orquidea-ingombota/0195521/ (Caused by ConnectTimeoutError(<HTTPSConnection(host='www.angocasa.com', port=443) at 0x1e20ffca5d0>, 'Connection to www.angocasa.com timed out. (connect timeout=30)')) | t2
2026-07-05 23:21:27 [WARNING ] piia — Rede HTTPSConnectionPool(host='www.angocasa.com', port=443): Max retries exceeded with url: /escritorio/luanda/ingombota/arrendar-escritorio-de-366-m-no-edificio-orquidea-ingombota/0195521/ (Caused by ConnectTimeoutError(<HTTPSConnection(host='www.angocasa.com', port=443) at 0x1e20aaeed50>, 'Connection to www.angocasa.com timed out. (connect timeout=30)')) | t3
2026-07-05 23:21:27 [ERROR   ] piia — Falha definitiva: https://www.angocasa.com/escritorio/luanda/ingombota/arrendar-escritorio-de-366-m-no-edificio-orquidea-ingombota/0195521/
2026-07-05 23:21:54 [WARNING ] piia — Rede HTTPSConnectionPool(host='www.angocasa.com', port=443): Max retries exceeded with url: /apartamento/t2/luanda/ingombota/arrendar-apartamento-t2-no-edificio-galaxia-ingombota/0195515/ (Caused by ConnectTimeoutError(<HTTPSConnection(host='www.angocasa.com', port=443) at 0x1e20aaef610>, 'Connection to www.angocasa.com timed out. (connect timeout=30)')) | t1
2026-07-05 23:22:20 [WARNING ] piia — Rede HTTPSConnectionPool(host='www.angocasa.com', port=443): Max retries exceeded with url: /apartamento/t2/luanda/ingombota/arrendar-apartamento-t2-no-edificio-galaxia-ingombota/0195515/ (Caused by ConnectTimeoutError(<HTTPSConnection(host='www.angocasa.com', port=443) at 0x1e20aaeec10>, 'Connection to www.angocasa.com timed out. (connect timeout=30)')) | t2
